ymd,mito_avr_tmp,mito_avr_tmp_quality,mito_avr_tmp_quality_number,mito_sunshine_time,mito_sunshine_time_info,mito_sunshine_time_quality,mito_sunshine_time_quality_number,mito_precipitation,mito_precipitation_info,mito_precipitation_quality,mito_precipitation_quality_number,utsunomiya_avr_tmp,utsunomiya_avr_tmp_quality,utsunomiya_avr_tmp_quality_number,utsunomiya_sunshine_time,utsunomiya_sunshine_time_info,utsunomiya_sunshine_time_quality,utsunomiya_sunshine_time_quality_number,utsunomiya_precipitation,utsunomiya_precipitation_info,utsunomiya_precipitation_quality,utsunomiya_precipitation_quality_number,kumagaya_avr_tmp,kumagaya_avr_tmp_quality,kumagaya_avr_tmp_quality_number,kumagaya_sunshine_time,kumagaya_sunshine_time_info,kumagaya_sunshine_time_quality,kumagaya_sunshine_time_quality_number,kumagaya_precipitation,kumagaya_precipitation_info,kumagaya_precipitation_quality,kumagaya_precipitation_quality_number,katsuura_avr_tmp,katsuura_avr_tmp_quality,katsuura_avr_tmp_quality_number,katsuura_sunshine_time,katsuura_sunshine_time_info,katsuura_sunshine_time_quality,katsuura_sunshine_time_quality_number,katsuura_precipitation,katsuura_precipitation_info,katsuura_precipitation_quality,katsuura_precipitation_quality_number,tokyo_avr_tmp,tokyo_avr_tmp_quality,tokyo_avr_tmp_quality_number,tokyo_sunshine_time,tokyo_sunshine_time_info,tokyo_sunshine_time_quality,tokyo_sunshine_time_quality_number,tokyo_precipitation,tokyo_precipitation_info,tokyo_precipitation_quality,tokyo_precipitation_quality_number,maebashi_avr_tmp,maebashi_avr_tmp_quality,maebashi_avr_tmp_quality_number,maebashi_sunshine_time,maebashi_sunshine_time_info,maebashi_sunshine_time_quality,maebashi_sunshine_time_quality_number,maebashi_precipitation,maebashi_precipitation_info,maebashi_precipitation_quality,maebashi_precipitation_quality_number,kofu_avr_tmp,kofu_avr_tmp_quality,kofu_avr_tmp_quality_number,kofu_sunshine_time,kofu_sunshine_time_info,kofu_sunshine_time_quality,kofu_sunshine_time_quality_number,kofu_precipitation,kofu_precipitation_info,kofu_precipitation_quality,kofu_precipitation_quality_number,yokohama_avr_tmp,yokohama_avr_tmp_quality,yokohama_avr_tmp_quality_number,yokohama_sunshine_time,yokohama_sunshine_time_info,yokohama_sunshine_time_quality,yokohama_sunshine_time_quality_number,yokohama_precipitation,yokohama_precipitation_info,yokohama_precipitation_quality,yokohama_precipitation_quality_number,nagano_avr_tmp,nagano_avr_tmp_quality,nagano_avr_tmp_quality_number,nagano_sunshine_time,nagano_sunshine_time_info,nagano_sunshine_time_quality,nagano_sunshine_time_quality_number,nagano_precipitation,nagano_precipitation_info,nagano_precipitation_quality,nagano_precipitation_quality_number
2017/1/1,4.9,8,1,9,0,8,1,0,1,8,1,4.9,8,1,9.5,0,8,1,0,1,8,1,6.9,8,1,9.3,0,8,1,0,1,8,1,8.4,8,1,8.9,0,8,1,0,1,8,1,7.4,8,1,8.9,0,8,1,0,1,8,1,6.9,8,1,9.2,0,8,1,0,1,8,1,3.2,8,1,9,0,8,1,0,1,8,1,8.5,8,1,9.5,0,8,1,0,1,8,1,1.7,8,1,7.1,0,8,1,0,0,8,1
2017/1/2,4.4,8,1,2.5,0,8,1,0,0,8,1,4.6,8,1,4.2,0,8,1,0,1,8,1,5.9,8,1,6.2,0,8,1,0,1,8,1,9,8,1,5.7,0,8,1,0,1,8,1,7.2,8,1,6.5,0,8,1,0,1,8,1,7.3,8,1,7.3,0,8,1,0,1,8,1,3.5,8,1,8.5,0,8,1,0,1,8,1,8.9,8,1,6.7,0,8,1,0,1,8,1,1.9,8,1,6,0,8,1,0,1,8,1
2017/1/3,5.3,8,1,8.2,0,8,1,0,1,8,1,4.9,8,1,8.9,0,8,1,0,1,8,1,7,8,1,9.3,0,8,1,0,1,8,1,9.2,8,1,8.9,0,8,1,0,1,8,1,8,8,1,8.2,0,8,1,0,1,8,1,7.2,8,1,7.8,0,8,1,0,1,8,1,4.8,8,1,9,0,8,1,0,1,8,1,9.2,8,1,9,0,8,1,0,1,8,1,2.4,8,1,2.6,0,8,1,0,0,8,1
2017/1/4,5.1,8,1,8.5,0,8,1,0,1,8,1,4.4,8,1,8.1,0,8,1,0,0,8,1,6,8,1,9,0,8,1,0,1,8,1,9.6,8,1,8.4,0,8,1,0,1,8,1,8.5,8,1,8.7,0,8,1,0,1,8,1,5.9,8,1,8.4,0,8,1,0,0,8,1,5.9,8,1,8.9,0,8,1,0,1,8,1,9.3,8,1,9.2,0,8,1,0,1,8,1,1.7,8,1,6.9,0,8,1,0,0,8,1
2017/1/5,3.6,8,1,9.1,0,8,1,0,1,8,1,3.2,8,1,8.3,0,8,1,0,1,8,1,5.4,8,1,9.1,0,8,1,0,1,8,1,7,8,1,9,0,8,1,0,1,8,1,6.7,8,1,9,0,8,1,0,1,8,1,4.1,8,1,4.3,0,8,1,0,0,8,1,4.3,8,1,9,0,8,1,0,1,8,1,7.3,8,1,9.5,0,8,1,0,1,8,1,0.2,8,1,5.2,0,8,1,0.5,0,8,1
2017/1/6,2.1,8,1,8.4,0,8,1,0,1,8,1,1.9,8,1,9.3,0,8,1,0,1,8,1,4,8,1,8.9,0,8,1,0,1,8,1,3.6,8,1,8.3,0,8,1,0,1,8,1,4.5,8,1,8.8,0,8,1,0,1,8,1,3.4,8,1,9,0,8,1,0,1,8,1,2.5,8,1,8.5,0,8,1,0,1,8,1,5.5,8,1,9.4,0,8,1,0,1,8,1,-0.3,8,1,0,0,8,1,0,0,8,1
2017/1/7,2.4,8,1,9.3,0,8,1,0,1,8,1,2,8,1,9.3,0,8,1,0,1,8,1,2.8,8,1,9.2,0,8,1,0,1,8,1,6.2,8,1,8.9,0,8,1,0,1,8,1,4.1,8,1,8.7,0,8,1,0,1,8,1,2.9,8,1,9.2,0,8,1,0,1,8,1,1.7,8,1,8.8,0,8,1,0,1,8,1,5.2,8,1,9.1,0,8,1,0,1,8,1,-0.7,8,1,8.8,0,8,1,0,1,8,1
2017/1/8,3.8,8,1,2,0,8,1,10.5,0,8,1,3.1,8,1,0.8,0,8,1,8,0,8,1,2.4,8,1,0,0,8,1,9.5,0,8,1,7.9,8,1,0,0,8,1,48,0,8,1,3.9,8,1,0,0,8,1,20.5,0,8,1,2.7,8,1,0,0,8,1,13,0,8,1,0.1,8,1,0,0,8,1,19,0,8,1,4.4,8,1,0,0,8,1,19.5,0,8,1,0.3,8,1,0,0,8,1,4.5,0,8,1
2017/1/9,6,8,1,1.3,0,8,1,6.5,0,8,1,6.7,8,1,2,0,8,1,7.5,0,8,1,7.5,8,1,4,0,8,1,6.5,0,8,1,7.2,8,1,1,0,8,1,21.5,0,8,1,7.2,8,1,2.2,0,8,1,5.5,0,8,1,6.8,8,1,4.3,0,8,1,2.5,0,8,1,3,8,1,4.4,0,8,1,1.5,0,8,1,8.3,8,1,1.9,0,8,1,4.5,0,8,1,3.2,8,1,0.9,0,8,1,1,0,8,1
2017/1/10,6.1,8,1,9.4,0,8,1,0,1,8,1,5.8,8,1,9.6,0,8,1,0,1,8,1,8.1,8,1,9.5,0,8,1,0,1,8,1,8.2,8,1,6.9,0,8,1,0,1,8,1,8.1,8,1,8.9,0,8,1,0,1,8,1,8.1,8,1,9.4,0,8,1,0,1,8,1,4.3,8,1,9,0,8,1,0,1,8,1,8.6,8,1,8.3,0,8,1,0,1,8,1,3.9,8,1,7.2,0,8,1,0,0,8,1
2017/1/11,3.9,8,1,8.7,0,8,1,0,1,8,1,3.4,8,1,9.3,0,8,1,0,1,8,1,5.6,8,1,8.9,0,8,1,0,1,8,1,7,8,1,5.7,0,8,1,0,1,8,1,6.9,8,1,9,0,8,1,0,1,8,1,5,8,1,6.7,0,8,1,0,1,8,1,5.8,8,1,9.1,0,8,1,0,1,8,1,7.5,8,1,8.4,0,8,1,0,1,8,1,0.5,8,1,4.8,0,8,1,0,0,8,1
2017/1/12,3.1,8,1,8.9,0,8,1,0,1,8,1,2.6,8,1,9,0,8,1,0,1,8,1,4.4,8,1,9.4,0,8,1,0,1,8,1,7.6,8,1,8.9,0,8,1,0,1,8,1,6,8,1,8.2,0,8,1,0,1,8,1,3.9,8,1,7.9,0,8,1,0,1,8,1,3.2,8,1,8.8,0,8,1,0,1,8,1,7.2,8,1,9.6,0,8,1,0,1,8,1,-0.1,8,1,3.1,0,8,1,1,0,8,1
2017/1/13,2.6,8,1,8.7,0,8,1,0,1,8,1,1.5,8,1,5.2,0,8,1,0,0,8,1,3.5,8,1,6.4,0,8,1,0,0,8,1,8.4,8,1,9.1,0,8,1,0,1,8,1,6.2,8,1,6.7,0,8,1,0,0,8,1,3.9,8,1,5.5,0,8,1,0,0,8,1,2.8,8,1,6.6,0,8,1,0,1,8,1,7.6,8,1,9.6,0,8,1,0,1,8,1,0.2,8,1,0.8,0,8,1,7.5,0,8,1
2017/1/14,0,8,1,6,0,8,1,0,0,8,1,-0.5,8,1,4.2,0,8,1,0,0,8,1,1,8,1,3.7,0,8,1,0,0,8,1,3.8,8,1,4.9,0,8,1,0.5,0,8,1,2.4,8,1,3.2,0,8,1,0,0,8,1,0.1,8,1,3.2,0,8,1,0,0,8,1,0.5,8,1,0.2,0,8,1,0,0,8,1,3.4,8,1,4.9,0,8,1,0,1,8,1,-3.9,8,1,0,0,8,1,7.5,0,8,1
2017/1/15,-0.1,8,1,9.1,0,8,1,0,1,8,1,-1,8,1,7.4,0,8,1,0,0,8,1,-0.5,8,1,7,0,8,1,0,0,8,1,1.4,8,1,8.9,0,8,1,0,1,8,1,0.7,8,1,8.1,0,8,1,0,1,8,1,-1.9,8,1,2.8,0,8,1,0,0,8,1,-0.8,8,1,7.4,0,8,1,0,1,8,1,1.9,8,1,8.5,0,8,1,0,1,8,1,-4.8,8,1,0,0,8,1,11,0,8,1
2017/1/16,1.4,8,1,8.5,0,8,1,0,1,8,1,0.7,8,1,9.2,0,8,1,0,0,8,1,1.3,8,1,8.2,0,8,1,0,1,8,1,4.1,8,1,9.1,0,8,1,0,1,8,1,3.2,8,1,9.3,0,8,1,0,1,8,1,0.6,8,1,8.3,0,8,1,0,0,8,1,0.3,8,1,9.1,0,8,1,0,1,8,1,4.1,8,1,8.7,0,8,1,0,1,8,1,-2.4,8,1,2,0,8,1,16,0,8,1
2017/1/17,3.3,8,1,7.7,0,8,1,0,1,8,1,3.1,8,1,4.9,0,8,1,0,0,8,1,4.8,8,1,9.3,0,8,1,0,1,8,1,5.4,8,1,9.2,0,8,1,0,1,8,1,5.4,8,1,9.1,0,8,1,0,1,8,1,3.3,8,1,6.3,0,8,1,0,0,8,1,2.7,8,1,8.8,0,8,1,0,1,8,1,6.6,8,1,8.9,0,8,1,0,1,8,1,-0.4,8,1,0.2,0,8,1,15.5,0,8,1
2017/1/18,3.1,8,1,8.8,0,8,1,0,1,8,1,2.8,8,1,8.8,0,8,1,0,1,8,1,4,8,1,8.7,0,8,1,0,1,8,1,6.3,8,1,6.1,0,8,1,0,1,8,1,5.8,8,1,9.1,0,8,1,0,1,8,1,3.8,8,1,7.9,0,8,1,0,1,8,1,2.1,8,1,9.1,0,8,1,0,1,8,1,6.3,8,1,8.7,0,8,1,0,1,8,1,-1.2,8,1,6.5,0,8,1,0,1,8,1
2017/1/19,3.4,8,1,6.2,0,8,1,0,1,8,1,2.9,8,1,7.2,0,8,1,0,1,8,1,5,8,1,7.3,0,8,1,0,1,8,1,7.1,8,1,0.1,0,8,1,0,1,8,1,6.4,8,1,5.6,0,8,1,0,1,8,1,4,8,1,8.1,0,8,1,0,1,8,1,3.2,8,1,5.5,0,8,1,0,1,8,1,7.2,8,1,5.6,0,8,1,0,1,8,1,-0.7,8,1,2.2,0,8,1,0,0,8,1
2017/1/20,1.7,8,1,0,0,8,1,0.5,0,8,1,1.6,8,1,0.1,0,8,1,2.5,0,8,1,1.5,8,1,0.7,0,8,1,0,0,8,1,4.1,8,1,0.7,0,8,1,4,0,8,1,3,8,1,0,0,8,1,0,0,8,1,0.8,8,1,0,0,8,1,0,0,8,1,3.3,8,1,5.7,0,8,1,0,0,8,1,3.7,8,1,0.2,0,8,1,0,0,8,1,-1.8,8,1,5,0,5,1,0,0,8,1
2017/1/21,4.3,8,1,7.4,0,8,1,0,0,8,1,3.5,8,1,7.6,0,8,1,0,0,8,1,4.1,8,1,9.5,0,8,1,0,0,8,1,6,8,1,9.3,0,8,1,0.5,0,8,1,5.9,8,1,9.4,0,8,1,0,1,8,1,3.5,8,1,7.3,0,8,1,0,0,8,1,4.8,8,1,9,0,8,1,0,0,8,1,6.5,8,1,9.7,0,8,1,0,1,8,1,-0.9,8,1,0,0,8,1,18.5,0,8,1
2017/1/22,5,8,1,9.4,0,8,1,0,0,8,1,4.3,8,1,9.5,0,8,1,0,1,8,1,4.2,8,1,9.5,0,8,1,0,1,8,1,8.7,8,1,8.6,0,8,1,0,0,8,1,6,8,1,9.3,0,8,1,0,1,8,1,3.6,8,1,8.9,0,8,1,0,1,8,1,4.2,8,1,9.1,0,8,1,0,1,8,1,7.4,8,1,9.7,0,8,1,0,0,8,1,-1.3,8,1,5.7,0,8,1,0,0,8,1
2017/1/23,2.9,8,1,8.6,0,8,1,0,1,8,1,1.7,8,1,9.8,0,8,1,0,1,8,1,2.8,8,1,9.1,0,8,1,0,1,8,1,4.5,8,1,5.7,0,8,1,0,1,8,1,4,8,1,6.9,0,8,1,0,1,8,1,1.7,8,1,8.2,0,8,1,0,1,8,1,2.8,8,1,8.3,0,8,1,0,1,8,1,4.5,8,1,5.2,0,8,1,0,1,8,1,-3.2,8,1,2.6,0,8,1,0,0,8,1
2017/1/24,0.6,8,1,7.8,0,8,1,0,1,8,1,-0.7,8,1,5.3,0,8,1,0,0,8,1,1.2,8,1,8.2,0,8,1,0,1,8,1,2.8,8,1,9.4,0,8,1,0,1,8,1,2.5,8,1,9.4,0,8,1,0,1,8,1,-0.2,8,1,9.3,0,8,1,0,1,8,1,0.4,8,1,9,0,8,1,0,1,8,1,3.2,8,1,8.3,0,8,1,0,1,8,1,-4.6,8,1,0.1,0,8,1,0,0,8,1
2017/1/25,1.1,8,1,9.5,0,8,1,0,1,8,1,0.1,8,1,9.6,0,8,1,0,1,8,1,2.6,8,1,9.8,0,8,1,0,1,8,1,4,8,1,9.4,0,8,1,0,1,8,1,3.9,8,1,9.6,0,8,1,0,1,8,1,1.3,8,1,7.5,0,8,1,0,1,8,1,0.6,8,1,9.4,0,8,1,0,1,8,1,4.4,8,1,10.1,0,8,1,0,1,8,1,-4.5,8,1,7,0,8,1,0,0,8,1
2017/1/26,1.8,8,1,9.8,0,8,1,0,1,8,1,1.5,8,1,9.9,0,8,1,0,1,8,1,4.3,8,1,9.8,0,8,1,0,1,8,1,5.6,8,1,9,0,8,1,0,0,8,1,4.6,8,1,9.5,0,8,1,0,0,8,1,3.2,8,1,9.8,0,8,1,0,1,8,1,0.2,8,1,9.4,0,8,1,0,1,8,1,5.7,8,1,9.9,0,8,1,0,0,8,1,-4,8,1,9.3,0,8,1,0,1,8,1
2017/1/27,5,8,1,3.6,0,8,1,0,1,8,1,4.2,8,1,4.5,0,8,1,0,1,8,1,5.8,8,1,5.9,0,8,1,0,1,8,1,13,8,1,3.4,0,8,1,0,0,8,1,8.8,8,1,5.2,0,8,1,0,1,8,1,6.2,8,1,6.4,0,8,1,0,1,8,1,3.8,8,1,5.9,0,8,1,0,1,8,1,11,8,1,5.3,0,8,1,0,1,8,1,0.6,8,1,3.1,0,8,1,0,1,8,1
2017/1/28,5.2,8,1,9.1,0,8,1,0,1,8,1,4.9,8,1,9.2,0,8,1,0,1,8,1,7.7,8,1,8.6,0,8,1,0,1,8,1,9.5,8,1,7.6,0,8,1,0,1,8,1,8.4,8,1,9.1,0,8,1,0,1,8,1,6.8,8,1,8.8,0,8,1,0,1,8,1,5.1,8,1,9.2,0,8,1,0,1,8,1,9.1,8,1,8.9,0,8,1,0,1,8,1,1.1,8,1,7.4,0,8,1,0,1,8,1
2017/1/29,5.9,8,1,3,0,8,1,0,0,8,1,6.7,8,1,3.8,0,8,1,0,0,8,1,6.9,8,1,2.8,0,8,1,0,0,8,1,10.8,8,1,6.8,0,8,1,0,1,8,1,8,8,1,2.9,0,8,1,0,1,8,1,6.8,8,1,5.4,0,8,1,0,0,8,1,6.5,8,1,7.4,0,8,1,0.5,0,8,1,8.8,8,1,6.1,0,8,1,0,0,8,1,1.6,8,1,6.1,0,8,1,1.5,0,8,1
2017/1/30,8.6,8,1,5.1,0,8,1,0,0,8,1,7.8,8,1,8.8,0,8,1,0,0,8,1,8.9,8,1,8.7,0,8,1,0,0,8,1,14.3,8,1,6.4,0,8,1,3.5,0,8,1,11.2,8,1,7.9,0,8,1,0,0,8,1,7.7,8,1,7.5,0,8,1,0,0,8,1,8,8,1,3.8,0,8,1,1.5,0,8,1,12.3,8,1,8.6,0,8,1,0.5,0,8,1,2.5,8,1,1.3,0,8,1,3.5,0,8,1
2017/1/31,3.9,8,1,10,0,8,1,0,1,8,1,3.8,8,1,10.1,0,8,1,0,1,8,1,4.4,8,1,10.1,0,8,1,0,1,8,1,6.8,8,1,5.9,0,8,1,0,1,8,1,5.9,8,1,9.3,0,8,1,0,1,8,1,3.4,8,1,9.7,0,8,1,0,1,8,1,5.6,8,1,9.6,0,8,1,0,1,8,1,6.8,8,1,9.3,0,8,1,0,1,8,1,-1.6,8,1,4.3,0,8,1,0,0,8,1
2017/2/1,4.1,8,1,2.3,0,8,1,0,0,8,1,3,8,1,4.7,0,8,1,0,1,8,1,3.8,8,1,9.4,0,8,1,0,0,8,1,7.7,8,1,5.9,0,8,1,0,1,8,1,6,8,1,7.2,0,8,1,0,1,8,1,3.7,8,1,9,0,8,1,0,0,8,1,5.8,8,1,6.8,0,8,1,0,1,8,1,6.5,8,1,8.1,0,8,1,0,1,8,1,-1.8,8,1,7.4,0,8,1,0,0,8,1
2017/2/2,2.9,8,1,10,0,8,1,0,1,8,1,2.7,8,1,9.7,0,8,1,0,1,8,1,3.9,8,1,10.2,0,8,1,0,1,8,1,5.2,8,1,9.3,0,8,1,0,1,8,1,4.5,8,1,9.6,0,8,1,0,1,8,1,2.7,8,1,8.9,0,8,1,0,1,8,1,4.2,8,1,9.6,0,8,1,0,1,8,1,5.5,8,1,10.2,0,8,1,0,1,8,1,-1.4,8,1,9.1,0,8,1,0,0,8,1
2017/2/3,3.9,8,1,10.1,0,8,1,0,1,8,1,4.2,8,1,10.2,0,8,1,0,1,8,1,6.7,8,1,10.2,0,8,1,0,1,8,1,7.3,8,1,9.6,0,8,1,0,1,8,1,7.4,8,1,9.6,0,8,1,0,1,8,1,5.9,8,1,9.7,0,8,1,0,1,8,1,6.9,8,1,9.7,0,8,1,0,1,8,1,7.7,8,1,9.5,0,8,1,0,1,8,1,1.7,8,1,8.3,0,8,1,0,0,8,1
2017/2/4,4.2,8,1,10.3,0,8,1,0,1,8,1,4.3,8,1,10.2,0,8,1,0,1,8,1,7.5,8,1,10.2,0,8,1,0,1,8,1,7.7,8,1,9.7,0,8,1,0,1,8,1,8.2,8,1,9.6,0,8,1,0,1,8,1,6.7,8,1,9.9,0,8,1,0,1,8,1,4.2,8,1,9.7,0,8,1,0,1,8,1,8.7,8,1,9.7,0,8,1,0,1,8,1,0.8,8,1,9.6,0,8,1,0,1,8,1
2017/2/5,5.2,8,1,1.2,0,8,1,0.5,0,8,1,4.8,8,1,1.4,0,8,1,0.5,0,8,1,4.9,8,1,1.9,0,8,1,0,1,8,1,10.5,8,1,2.3,0,8,1,3.5,0,8,1,7.2,8,1,2.5,0,8,1,0,0,8,1,3.8,8,1,1.7,0,8,1,0,0,8,1,2.5,8,1,1.7,0,8,1,1,0,8,1,7.3,8,1,2.4,0,8,1,1,0,8,1,-0.6,8,1,0.7,0,8,1,1,0,8,1
2017/2/6,8.1,8,1,9.1,0,8,1,0,0,8,1,6,8,1,9.7,0,8,1,0,0,8,1,7,8,1,8,0,8,1,0,0,8,1,11.3,8,1,6.3,0,8,1,3.5,0,8,1,8.7,8,1,6.1,0,8,1,0,0,8,1,6.5,8,1,8.3,0,8,1,0,0,8,1,5.9,8,1,5.2,0,8,1,0,0,8,1,9.2,8,1,6.3,0,8,1,0.5,0,8,1,0.9,8,1,0,0,8,1,9,0,8,1
2017/2/7,4.1,8,1,9.2,0,8,1,0,1,8,1,2.8,8,1,9.9,0,8,1,0,1,8,1,4.3,8,1,9.9,0,8,1,0,1,8,1,6.2,8,1,9.6,0,8,1,0,1,8,1,5.6,8,1,9.5,0,8,1,0,1,8,1,3.3,8,1,8.7,0,8,1,0,1,8,1,4.1,8,1,9.2,0,8,1,0,1,8,1,6.6,8,1,9.8,0,8,1,0,1,8,1,-1.3,8,1,7.1,0,8,1,0.5,0,8,1
2017/2/8,3,8,1,8.9,0,8,1,0,1,8,1,2.4,8,1,8.6,0,8,1,0,1,8,1,4.7,8,1,9.6,0,8,1,0,1,8,1,6.3,8,1,5.9,0,8,1,0,1,8,1,6.3,8,1,9.5,0,8,1,0,1,8,1,3.3,8,1,9,0,8,1,0,1,8,1,3,8,1,9.2,0,8,1,0,1,8,1,7,8,1,8.3,0,8,1,0,1,8,1,-0.8,8,1,6.7,0,8,1,0,0,8,1
2017/2/9,1.2,8,1,0,0,8,1,10.5,0,8,1,1.2,8,1,0,0,8,1,3.5,0,8,1,2.3,8,1,0,0,8,1,2.5,0,8,1,4.2,8,1,0,0,8,1,13.5,0,8,1,2.4,8,1,0,0,8,1,8,0,8,1,2,8,1,0.2,0,8,1,1,0,8,1,2.6,8,1,0,0,8,1,1.5,0,8,1,3.1,8,1,0,0,8,1,5,0,8,1,0.3,8,1,0,0,8,1,0,0,8,1
2017/2/10,3.6,8,1,4.5,0,8,1,0,0,8,1,2.9,8,1,4.8,0,8,1,0,0,8,1,3.6,8,1,7.8,0,8,1,0,0,8,1,4.1,8,1,6.2,0,8,1,0.5,0,8,1,4.3,8,1,4,0,8,1,0.5,0,8,1,2.3,8,1,9.4,0,8,1,0.5,0,8,1,3.4,8,1,6.4,0,8,1,0,0,8,1,4.3,8,1,4.6,0,8,1,1,0,8,1,-1.3,8,1,4.4,0,8,1,5,0,8,1
2017/2/11,3.5,8,1,9.3,0,8,1,0,1,8,1,2,8,1,9.2,0,8,1,0,1,8,1,3.2,8,1,9.5,0,8,1,0,1,8,1,4.2,8,1,8.8,0,8,1,0,0,8,1,4.1,8,1,7.3,0,8,1,0,1,8,1,2,8,1,7.6,0,8,1,0,1,8,1,1.1,8,1,7.6,0,8,1,0,1,8,1,4.8,8,1,6.9,0,8,1,0,1,8,1,-3.3,8,1,0.2,0,8,1,1,0,8,1
2017/2/12,4.1,8,1,9.9,0,8,1,0,1,8,1,2.7,8,1,9.7,0,8,1,0,1,8,1,4.6,8,1,10.5,0,8,1,0,1,8,1,5.4,8,1,10,0,8,1,0,1,8,1,5,8,1,9.5,0,8,1,0,1,8,1,2.9,8,1,9.2,0,8,1,0,0,8,1,4.1,8,1,9.7,0,8,1,0,1,8,1,5.8,8,1,7.7,0,8,1,0,1,8,1,-1.6,8,1,3.8,0,8,1,4.5,0,8,1
2017/2/13,3.6,8,1,7.7,0,8,1,0,0,8,1,2.6,8,1,8.2,0,8,1,0,1,8,1,5.5,8,1,9.6,0,8,1,0,1,8,1,5.8,8,1,10.2,0,8,1,0,1,8,1,6.3,8,1,8,0,8,1,0,1,8,1,3.5,8,1,9.4,0,8,1,0,1,8,1,3,8,1,8.9,0,8,1,0,1,8,1,6.6,8,1,9.2,0,8,1,0,1,8,1,-1.5,8,1,7.4,0,8,1,0,0,8,1
2017/2/14,3.3,8,1,9.2,0,8,1,0,1,8,1,2.6,8,1,9.7,0,8,1,0,1,8,1,4.8,8,1,8.9,0,8,1,0,1,8,1,5.7,8,1,7.3,0,8,1,0,1,8,1,6.1,8,1,8.9,0,8,1,0,1,8,1,2.9,8,1,7.5,0,5,1,0,1,8,1,2.1,8,1,7.3,0,8,1,0,1,8,1,6.3,8,1,7.9,0,8,1,0,0,8,1,-1.7,8,1,6.8,0,8,1,0,0,8,1
2017/2/15,4.3,8,1,10.3,0,8,1,0,1,8,1,3.3,8,1,10.4,0,8,1,0,1,8,1,5.8,8,1,10.6,0,8,1,0,1,8,1,5.8,8,1,9.7,0,8,1,0,1,8,1,6.5,8,1,9.9,0,8,1,0,1,8,1,4,8,1,10.2,0,8,1,0,1,8,1,2.9,8,1,10.1,0,8,1,0,1,8,1,7,8,1,10.4,0,8,1,0,1,8,1,-0.7,8,1,8.8,0,8,1,0,1,8,1
2017/2/16,5.4,8,1,10.3,0,8,1,0,1,8,1,4.9,8,1,10.3,0,8,1,0,1,8,1,6.2,8,1,10.4,0,8,1,0,1,8,1,9.3,8,1,9.9,0,8,1,0,1,8,1,7.3,8,1,9.9,0,8,1,0,1,8,1,6.1,8,1,10.2,0,8,1,0,1,8,1,4.5,8,1,10.2,0,8,1,0,1,8,1,8.1,8,1,10.4,0,8,1,0,1,8,1,2,8,1,9.8,0,8,1,0,1,8,1
2017/2/17,10.3,8,1,8.8,0,8,1,0,1,8,1,9.5,8,1,8.8,0,8,1,0,0,8,1,10.1,8,1,9.5,0,8,1,0,1,8,1,15.4,8,1,2.5,0,8,1,0,0,8,1,13.2,8,1,8.2,0,8,1,0,1,8,1,9.8,8,1,8.1,0,8,1,0,0,8,1,6.1,8,1,4.2,0,8,1,0.5,0,8,1,14.1,8,1,6.1,0,8,1,0,0,8,1,3.1,8,1,1.8,0,8,1,1.5,0,8,1
2017/2/18,5.6,8,1,1.9,0,8,1,0,1,8,1,5.5,8,1,5,0,8,1,0,0,8,1,7.2,8,1,2,0,8,1,0,0,8,1,8.7,8,1,1.3,0,8,1,0,0,8,1,8.1,8,1,2.9,0,8,1,0,0,8,1,5.3,8,1,4,0,8,1,0,0,8,1,6.2,8,1,2.7,0,8,1,0,1,8,1,8.5,8,1,4.9,0,8,1,0,0,8,1,0.5,8,1,4.3,0,8,1,0.5,0,8,1
2017/2/19,4.5,8,1,10.5,0,8,1,0,0,8,1,3.8,8,1,10.6,0,8,1,0,0,8,1,5.2,8,1,10.6,0,8,1,0,0,8,1,7.7,8,1,10,0,8,1,0,0,8,1,6.2,8,1,9.6,0,8,1,0,0,8,1,4.1,8,1,10.2,0,8,1,0,1,8,1,5.5,8,1,10.4,0,8,1,0,1,8,1,7,8,1,10.4,0,8,1,0,0,8,1,-0.4,8,1,9.7,0,8,1,0,0,8,1
2017/2/20,7.9,8,1,7.1,0,8,1,7.5,0,8,1,6.7,8,1,6.3,0,8,1,1,0,8,1,7.6,8,1,9,0,8,1,1.5,0,8,1,14.1,8,1,2.1,0,8,1,0,0,8,1,9.9,8,1,5.6,0,8,1,6.5,0,8,1,7,8,1,4.9,0,8,1,0.5,0,8,1,7,8,1,2.5,0,8,1,3.5,0,8,1,10.7,8,1,4,0,8,1,3.5,0,8,1,1.3,8,1,0,0,8,1,9,0,8,1
2017/2/21,4.3,8,1,10.2,0,8,1,0,1,8,1,3.5,8,1,7.3,0,8,1,0,0,8,1,4.6,8,1,10.8,0,8,1,0,1,8,1,7,8,1,10.5,0,8,1,0,1,8,1,6.1,8,1,9.7,0,8,1,0,1,8,1,2.9,8,1,8.3,0,8,1,0,0,8,1,4.8,8,1,10.1,0,8,1,0,0,8,1,7.1,8,1,10.8,0,8,1,0,1,8,1,-1.4,8,1,5.2,0,8,1,9.5,0,8,1
2017/2/22,4.2,8,1,5.5,0,8,1,0,1,8,1,4,8,1,8,0,8,1,0,1,8,1,5.5,8,1,7.9,0,8,1,0,0,8,1,8.1,8,1,4.9,0,8,1,0,0,8,1,7,8,1,4.3,0,8,1,0,1,8,1,4.3,8,1,8.6,0,8,1,0,0,8,1,4.6,8,1,6.7,0,8,1,0,0,8,1,7.3,8,1,4,0,8,1,0,0,8,1,0.2,8,1,7,0,8,1,0,0,8,1
2017/2/23,7.9,8,1,1.3,0,8,1,5,0,8,1,8.7,8,1,4.2,0,8,1,1.5,0,8,1,9.4,8,1,4.9,0,8,1,0,0,8,1,14.6,8,1,0.1,0,8,1,3,0,8,1,12.4,8,1,1.5,0,8,1,0.5,0,8,1,8.5,8,1,5,0,8,1,0,0,8,1,9.7,8,1,3.9,0,8,1,10.5,0,8,1,13.1,8,1,2.5,0,8,1,4,0,8,1,5.9,8,1,2.9,0,8,1,8,0,8,1
2017/2/24,6.2,8,1,10.5,0,8,1,0,0,8,1,5.4,8,1,10.9,0,8,1,0,1,8,1,6.1,8,1,10.5,0,8,1,0,1,8,1,8.4,8,1,4.1,0,8,1,0,1,8,1,7.4,8,1,3.5,0,8,1,0,0,8,1,4.4,8,1,10.6,0,8,1,0,1,8,1,7.4,8,1,8.9,0,8,1,0,0,8,1,7.8,8,1,2.4,0,8,1,0,0,8,1,0,8,1,9.6,0,8,1,0,0,8,1
2017/2/25,6.1,8,1,9.6,0,8,1,0,0,8,1,5.2,8,1,10.9,0,8,1,0,0,8,1,6.3,8,1,9.8,0,8,1,0,0,8,1,6.9,8,1,6,0,8,1,6.5,0,8,1,7.5,8,1,8.1,0,8,1,0,1,8,1,5.3,8,1,10.6,0,8,1,0,1,8,1,5.7,8,1,10.5,0,8,1,0,1,8,1,8,8,1,7.6,0,8,1,0,0,8,1,0.6,8,1,9.9,0,8,1,0,1,8,1
2017/2/26,7.3,8,1,8.1,0,8,1,0,0,8,1,6.7,8,1,9.7,0,8,1,0.5,0,8,1,8.4,8,1,9,0,8,1,0,0,8,1,7.9,8,1,8.3,0,8,1,0,0,8,1,8.6,8,1,8.4,0,8,1,0,1,8,1,7.3,8,1,9.4,0,8,1,0,1,8,1,6.3,8,1,8.1,0,8,1,0,1,8,1,8.9,8,1,9.8,0,8,1,0,1,8,1,2.2,8,1,8.8,0,8,1,0,0,8,1
2017/2/27,4.5,8,1,5,0,8,1,0,0,8,1,4.6,8,1,6.4,0,8,1,0.5,0,8,1,6.6,8,1,9.3,0,8,1,0,1,8,1,6.4,8,1,0.3,0,8,1,1.5,0,8,1,6.2,8,1,2,0,8,1,0,1,8,1,6.3,8,1,10.5,0,8,1,0,0,8,1,6.3,8,1,4.1,0,8,1,0,0,8,1,6.7,8,1,0.4,0,8,1,0,0,8,1,1.1,8,1,7.1,0,8,1,0,0,8,1
2017/2/28,2.8,8,1,7.2,0,8,1,0,1,8,1,3.9,8,1,7.5,0,8,1,0,1,8,1,5.7,8,1,8.9,0,8,1,0,1,8,1,5.6,8,1,8.5,0,8,1,0,1,8,1,5.5,8,1,8.8,0,8,1,0,1,8,1,5.3,8,1,6.4,0,8,1,0,0,8,1,6.9,8,1,8.7,0,8,1,0,1,8,1,6,8,1,8.3,0,8,1,0,1,8,1,2.7,8,1,7.7,0,8,1,0,1,8,1
2017/3/1,4.4,8,1,9,0,8,1,0,0,8,1,4.3,8,1,2.7,0,8,1,0,0,8,1,5.8,8,1,3,0,8,1,2,0,8,1,7.1,8,1,10,0,8,1,4,0,8,1,6.4,8,1,5.6,0,8,1,4.5,0,8,1,5.1,8,1,5.5,0,8,1,0,0,8,1,7.1,8,1,6.6,0,8,1,10,0,8,1,7,8,1,8.3,0,8,1,10,0,8,1,3.5,8,1,8.4,0,8,1,0,1,8,1
2017/3/2,6.8,8,1,0,0,8,1,12,0,8,1,6.9,8,1,0.7,0,8,1,3,0,8,1,7,8,1,0.5,0,8,1,3,0,8,1,7.5,8,1,0,0,8,1,11.5,0,8,1,6.8,8,1,0,0,8,1,9.5,0,8,1,7.2,8,1,1.2,0,8,1,0,0,8,1,5.4,8,1,0,0,8,1,5,0,8,1,7.1,8,1,0,0,8,1,10.5,0,8,1,3.9,8,1,1.7,0,8,1,4,0,8,1
2017/3/3,6.7,8,1,4.8,0,8,1,0.5,0,8,1,6.8,8,1,10.4,0,8,1,0,1,8,1,8.3,8,1,10.6,0,8,1,0,1,8,1,9.5,8,1,7.1,0,8,1,0,0,8,1,8.7,8,1,8.3,0,8,1,0,1,8,1,6.8,8,1,10.9,0,8,1,0,1,8,1,7.7,8,1,9.3,0,8,1,0,1,8,1,9,8,1,9.1,0,8,1,1,0,8,1,3,8,1,6.5,0,8,1,2,0,8,1
2017/3/4,6.5,8,1,10.9,0,8,1,0,1,8,1,6.5,8,1,10.8,0,8,1,0,1,8,1,7.8,8,1,10.8,0,8,1,0,1,8,1,9.6,8,1,4,0,8,1,0,1,8,1,8.7,8,1,6.1,0,8,1,0,1,8,1,7.2,8,1,10.5,0,8,1,0,1,8,1,6.3,8,1,10.4,0,8,1,0,1,8,1,9.5,8,1,6,0,8,1,0,1,8,1,3.6,8,1,10.2,0,8,1,0,1,8,1
2017/3/5,6.5,8,1,8.3,0,8,1,0,1,8,1,8.3,8,1,8,0,8,1,0,1,8,1,9.1,8,1,9.2,0,8,1,0,1,8,1,11.6,8,1,7.8,0,8,1,0,1,8,1,10.4,8,1,8.3,0,8,1,0,1,8,1,9.7,8,1,8.6,0,8,1,0,1,8,1,8.2,8,1,8.7,0,8,1,0,1,8,1,10.9,8,1,8.6,0,8,1,0,1,8,1,4.7,8,1,7.4,0,8,1,0,1,8,1
2017/3/6,7.7,8,1,1.6,0,8,1,0,0,8,1,7.8,8,1,0.2,0,8,1,0,1,8,1,8.7,8,1,1.1,0,8,1,0,1,8,1,11.9,8,1,0,0,8,1,16.5,0,8,1,9.3,8,1,1.1,0,8,1,1,0,8,1,8.2,8,1,0.6,0,8,1,0,1,8,1,7.1,8,1,2.3,0,8,1,0,1,8,1,9.6,8,1,0.3,0,8,1,9,0,8,1,4.6,8,1,1,0,8,1,0,0,8,1
2017/3/7,3.6,8,1,0,0,8,1,0.5,0,8,1,4.3,8,1,5.1,0,8,1,0.5,0,8,1,5.6,8,1,2.6,0,8,1,0.5,0,8,1,6.9,8,1,1.7,0,8,1,0,0,8,1,6.6,8,1,2.7,0,8,1,0.5,0,8,1,5,8,1,5.9,0,8,1,0,0,8,1,5.3,8,1,7.2,0,8,1,0,0,8,1,7.1,8,1,3.3,0,8,1,0,0,8,1,0,8,1,1.4,0,8,1,0,0,8,1
2017/3/8,3.2,8,1,7.1,0,8,1,0,1,8,1,3.5,8,1,9.8,0,8,1,0,1,8,1,5.2,8,1,10,0,8,1,0,1,8,1,5.9,8,1,5.7,0,8,1,0,0,8,1,5.5,8,1,8.1,0,8,1,0,1,8,1,4.2,8,1,7.9,0,8,1,0,1,8,1,3.7,8,1,10.3,0,8,1,0,1,8,1,6.4,8,1,8.2,0,8,1,0,0,8,1,0.7,8,1,6.5,0,8,1,0,0,8,1
2017/3/9,5.6,8,1,9.2,0,8,1,0,1,8,1,5.9,8,1,9.9,0,8,1,0,1,8,1,7.2,8,1,10.4,0,8,1,0,1,8,1,7.5,8,1,10.8,0,8,1,0,1,8,1,7.5,8,1,11.1,0,8,1,0,1,8,1,6.5,8,1,7.3,0,8,1,0,0,8,1,4.9,8,1,9.6,0,8,1,0,1,8,1,8.1,8,1,11.2,0,8,1,0,1,8,1,2.8,8,1,5.7,0,8,1,0,0,8,1
2017/3/10,5.7,8,1,9.5,0,8,1,0,0,8,1,5.9,8,1,9.9,0,8,1,0,0,8,1,7.3,8,1,10.1,0,8,1,0,0,8,1,9,8,1,8.6,0,8,1,0,1,8,1,8.6,8,1,10.3,0,8,1,0,1,8,1,6.3,8,1,10.1,0,8,1,0,0,8,1,6.2,8,1,10.9,0,8,1,0,1,8,1,9,8,1,9.8,0,8,1,0,0,8,1,2.1,8,1,3.5,0,8,1,0,0,8,1
2017/3/11,4.4,8,1,10.8,0,8,1,0,1,8,1,5,8,1,8.9,0,8,1,0,1,8,1,7.2,8,1,11.2,0,8,1,0,1,8,1,7,8,1,7.3,0,8,1,0,1,8,1,7.9,8,1,8.1,0,8,1,0,1,8,1,5.7,8,1,11.4,0,8,1,0,1,8,1,6.8,8,1,10.5,0,8,1,0,1,8,1,7.9,8,1,5.5,0,8,1,0,1,8,1,1.8,8,1,6.6,0,8,1,0,0,8,1
2017/3/12,4.7,8,1,8.5,0,8,1,0,1,8,1,5.7,8,1,9.3,0,8,1,0,1,8,1,6.5,8,1,10.2,0,8,1,0,1,8,1,7.4,8,1,10.1,0,8,1,0,1,8,1,7.6,8,1,10.3,0,8,1,0,0,8,1,6,8,1,10.5,0,8,1,0,1,8,1,7.5,8,1,9.9,0,8,1,0,0,8,1,8.2,8,1,8.3,0,8,1,0,0,8,1,2.4,8,1,9.3,0,8,1,0,1,8,1
2017/3/13,6.3,8,1,1.6,0,8,1,0,0,8,1,6.7,8,1,0.6,0,8,1,0,0,8,1,7.9,8,1,0,0,8,1,0,0,8,1,10.4,8,1,0.1,0,8,1,5,0,8,1,8.8,8,1,0.5,0,8,1,0.5,0,8,1,7.4,8,1,0,0,8,1,0,0,8,1,8.8,8,1,3.9,0,8,1,0,0,8,1,8.7,8,1,0.5,0,8,1,2,0,8,1,6.4,8,1,6,0,8,1,0,0,8,1
2017/3/14,7,8,1,0,0,8,1,6,0,8,1,7.2,8,1,0,0,8,1,0.5,0,8,1,8,8,1,0,0,8,1,1.5,0,8,1,9.7,8,1,0.1,0,8,1,0.5,0,8,1,8.1,8,1,0,0,8,1,2.5,0,8,1,7.8,8,1,1,0,8,1,1.5,0,8,1,9.1,8,1,2.4,0,8,1,6.5,0,8,1,8.3,8,1,0.3,0,8,1,2,0,8,1,4.1,8,1,0,0,8,1,0,0,8,1
2017/3/15,4,8,1,0,0,8,1,12.5,0,8,1,4.3,8,1,0,0,8,1,1,0,8,1,5.5,8,1,0,0,8,1,2.5,0,8,1,4.4,8,1,0,0,8,1,6,0,8,1,5.4,8,1,0,0,8,1,1,0,8,1,6.9,8,1,0,0,8,1,0.5,0,8,1,8.6,8,1,5.6,0,8,1,0,0,8,1,6.2,8,1,0.5,0,8,1,0,0,8,1,3.5,8,1,5.7,0,8,1,0,0,8,1
2017/3/16,6.2,8,1,10.1,0,8,1,0,1,8,1,6.1,8,1,10,0,8,1,0,1,8,1,7.8,8,1,11.2,0,8,1,0,1,8,1,7.9,8,1,8.1,0,8,1,0,1,8,1,8.2,8,1,9.1,0,8,1,0,0,8,1,7.7,8,1,10.8,0,8,1,0,1,8,1,8.5,8,1,10.3,0,8,1,0,0,8,1,8.4,8,1,7.4,0,8,1,0,1,8,1,2.8,8,1,4.5,0,8,1,0,0,8,1
2017/3/17,7.3,8,1,11.3,0,8,1,0,1,8,1,6.2,8,1,8.9,0,8,1,0,1,8,1,8.3,8,1,10.1,0,8,1,0,1,8,1,8.6,8,1,10.9,0,8,1,0,0,8,1,9.5,8,1,9,0,8,1,0,0,8,1,6.8,8,1,10.6,0,8,1,0,1,8,1,7.1,8,1,9.4,0,8,1,0,0,8,1,9.5,8,1,8.4,0,8,1,0,0,8,1,3.1,8,1,8.1,0,8,1,0,0,8,1
2017/3/18,7.8,8,1,9.3,0,8,1,0,1,8,1,7.8,8,1,8.6,0,8,1,0,1,8,1,9.5,8,1,8.2,0,8,1,0,1,8,1,10.2,8,1,8,0,8,1,0,0,8,1,10.3,8,1,9.1,0,8,1,0,1,8,1,8.3,8,1,6.2,0,8,1,0,1,8,1,7.2,8,1,6.6,0,8,1,0,1,8,1,10.4,8,1,8.3,0,8,1,0,1,8,1,4.8,8,1,7,0,8,1,0,1,8,1
2017/3/19,7.5,8,1,4.9,0,8,1,0,0,8,1,9.1,8,1,8.9,0,8,1,0,1,8,1,10.8,8,1,10.5,0,8,1,0,1,8,1,11.7,8,1,9.8,0,8,1,0,1,8,1,12.2,8,1,8.9,0,8,1,0,1,8,1,9.2,8,1,9.6,0,8,1,0,1,8,1,9.9,8,1,10.9,0,8,1,0,1,8,1,12.4,8,1,8.1,0,8,1,0,0,8,1,5.5,8,1,4.9,0,8,1,0,0,8,1
2017/3/20,10,8,1,10.2,0,8,1,0,1,8,1,9.4,8,1,10.6,0,8,1,0,1,8,1,12.3,8,1,9.8,0,8,1,0,1,8,1,12.1,8,1,9.5,0,8,1,0,1,8,1,12.6,8,1,9.8,0,8,1,0,1,8,1,10.8,8,1,9.9,0,8,1,0,1,8,1,10.7,8,1,10,0,8,1,0,1,8,1,12.8,8,1,9.5,0,8,1,0,1,8,1,6.7,8,1,9.7,0,8,1,0,1,8,1
2017/3/21,8,8,1,0,0,8,1,16,0,8,1,7.4,8,1,0,0,8,1,17,0,8,1,8.5,8,1,0,0,8,1,15,0,8,1,10.7,8,1,0,0,8,1,21.5,0,8,1,9.1,8,1,0,0,8,1,25.5,0,8,1,7.3,8,1,0,0,8,1,12,0,8,1,7.2,8,1,0,0,8,1,16,0,8,1,9.6,8,1,0,0,8,1,20.5,0,8,1,5.1,8,1,0,0,8,1,8.5,0,8,1
2017/3/22,8.5,8,1,11.2,0,8,1,0,1,8,1,8.1,8,1,9.1,0,8,1,0,1,8,1,8.5,8,1,11.4,0,8,1,0,0,8,1,9.9,8,1,11.2,0,8,1,0,1,8,1,9.8,8,1,11.3,0,8,1,0,1,8,1,7,8,1,7.5,0,8,1,0,0,8,1,8.6,8,1,11.3,0,8,1,0,0,8,1,10.2,8,1,8.8,0,8,1,0,1,8,1,3.5,8,1,5.8,0,8,1,0,0,8,1
2017/3/23,6.9,8,1,9.2,0,8,1,0,1,8,1,6.3,8,1,6.1,0,8,1,0,1,8,1,8.3,8,1,6.7,0,8,1,0,1,8,1,9.5,8,1,4.5,0,8,1,0,1,8,1,9.7,8,1,5.7,0,8,1,0,0,8,1,7,8,1,3.5,0,8,1,0,1,8,1,7.3,8,1,5.1,0,8,1,0,1,8,1,9.8,8,1,4.4,0,8,1,0,1,8,1,3.2,8,1,4.3,0,8,1,0,0,8,1
2017/3/24,6.6,8,1,7.6,0,8,1,0,0,8,1,5.7,8,1,6.1,0,8,1,0,0,8,1,7.3,8,1,11.1,0,8,1,0,1,8,1,8.6,8,1,2.2,0,8,1,0,1,8,1,8.5,8,1,5.9,0,8,1,0,1,8,1,5.6,8,1,8.5,0,8,1,0,0,8,1,7.4,8,1,10.3,0,8,1,0,1,8,1,9.1,8,1,6.3,0,8,1,0,0,8,1,1.3,8,1,2.8,0,8,1,0.5,0,8,1
2017/3/25,5.4,8,1,11.5,0,8,1,0,1,8,1,5.3,8,1,11.5,0,8,1,0,1,8,1,7.8,8,1,11.2,0,8,1,0,1,8,1,7.6,8,1,5.4,0,8,1,0,1,8,1,7.8,8,1,11.1,0,8,1,0,1,8,1,7.2,8,1,11.3,0,8,1,0,1,8,1,6.8,8,1,9.8,0,8,1,0,1,8,1,8.3,8,1,8.7,0,8,1,0,1,8,1,2.8,8,1,8.1,0,8,1,0.5,0,8,1
2017/3/26,6.2,8,1,0.6,0,8,1,2,0,8,1,5.9,8,1,0,0,8,1,7,0,8,1,5.3,8,1,0,0,8,1,11,0,8,1,9.5,8,1,0,0,8,1,16,0,8,1,5.9,8,1,0,0,8,1,12.5,0,8,1,5,8,1,0,0,8,1,11,0,8,1,5.6,8,1,0,0,8,1,13,0,8,1,6,8,1,0,0,8,1,11.5,0,8,1,3.3,8,1,0,0,8,1,3,0,8,1
2017/3/27,4.5,8,1,0,0,8,1,24.5,0,8,1,4.2,8,1,0,0,8,1,30,0,8,1,5.9,8,1,1.3,0,8,1,27,0,8,1,5.2,8,1,2.1,0,8,1,34.5,0,8,1,5,8,1,1.5,0,8,1,21.5,0,8,1,5.8,8,1,1.4,0,8,1,12.5,0,8,1,6.9,8,1,5.8,0,8,1,7,0,8,1,6.1,8,1,3.8,0,8,1,14.5,0,8,1,3.3,8,1,2.7,0,8,1,3,0,8,1
2017/3/28,6.8,8,1,8,0,8,1,1.5,0,8,1,6.4,8,1,6.6,0,8,1,1,0,8,1,8.6,8,1,9.1,0,8,1,0,0,8,1,8,8,1,10,0,8,1,5,0,8,1,8.6,8,1,9.1,0,8,1,0,0,8,1,7.7,8,1,6.6,0,8,1,0,0,8,1,6.5,8,1,7.7,0,8,1,0,0,8,1,8.8,8,1,8.4,0,8,1,0,0,8,1,3.8,8,1,8.7,0,8,1,0,0,8,1
2017/3/29,7.8,8,1,10.8,0,8,1,0,0,8,1,8.2,8,1,9.3,0,8,1,0,0,8,1,8.9,8,1,11.6,0,8,1,0,1,8,1,9,8,1,9.5,0,8,1,0,1,8,1,9.1,8,1,8.4,0,8,1,0,1,8,1,8.9,8,1,11.8,0,8,1,0,1,8,1,7.8,8,1,10.3,0,8,1,0,1,8,1,9.3,8,1,8.7,0,8,1,0,1,8,1,5.6,8,1,9.8,0,8,1,0,0,8,1
2017/3/30,10,8,1,10.7,0,8,1,0,1,8,1,10.9,8,1,11,0,8,1,0,1,8,1,11.4,8,1,10.4,0,8,1,0,1,8,1,12.9,8,1,10.1,0,8,1,0,1,8,1,11.9,8,1,10.2,0,8,1,0,1,8,1,11.1,8,1,10,0,8,1,0,1,8,1,10.8,8,1,11.4,0,8,1,0,1,8,1,12.3,8,1,10.4,0,8,1,0,1,8,1,7.7,8,1,9.7,0,8,1,0,0,8,1
2017/3/31,8.2,8,1,1.8,0,8,1,0.5,0,8,1,7.9,8,1,0.3,0,8,1,1,0,8,1,8.7,8,1,0,0,8,1,3,0,8,1,8.9,8,1,1,0,8,1,17,0,8,1,8.8,8,1,0.7,0,8,1,6.5,0,8,1,8.5,8,1,0.4,0,8,1,2.5,0,8,1,7.2,8,1,0,0,8,1,10,0,8,1,8.8,8,1,0.9,0,8,1,9.5,0,8,1,4.5,8,1,0,0,8,1,0,0,8,1
2017/4/1,6.2,8,1,0.6,0,8,1,0.5,0,8,1,6.1,8,1,0,0,8,1,2.5,0,8,1,6.3,8,1,0,0,8,1,3.5,0,8,1,6.2,8,1,0,0,8,1,20,0,8,1,6.3,8,1,0,0,8,1,5.5,0,8,1,5.9,8,1,0,0,8,1,2.5,0,8,1,6,8,1,0.1,0,8,1,1.5,0,8,1,6.5,8,1,0,0,8,1,8.5,0,8,1,4,8,1,0.8,0,8,1,0,0,8,1
2017/4/2,7.3,8,1,10.9,0,8,1,0,1,8,1,7.8,8,1,9.8,0,8,1,0,0,8,1,8.6,8,1,10.4,0,8,1,0,0,8,1,8,8,1,7.8,0,8,1,0,0,8,1,8.7,8,1,8.9,0,8,1,0,1,8,1,8.5,8,1,10.5,0,8,1,0,1,8,1,8.4,8,1,9,0,8,1,0,0,8,1,8.7,8,1,8.3,0,8,1,0,1,8,1,4.5,8,1,11.8,0,8,1,0,1,8,1
2017/4/3,7.8,8,1,8.8,0,8,1,6.5,0,8,1,8.2,8,1,8.8,0,8,1,0.5,0,8,1,9.2,8,1,9,0,8,1,2.5,0,8,1,10,8,1,7.9,0,8,1,0,0,8,1,9.9,8,1,7.3,0,8,1,1.5,0,8,1,8.4,8,1,8.9,0,8,1,0,0,8,1,9.3,8,1,9,0,8,1,0,0,8,1,10.7,8,1,9,0,8,1,0,0,8,1,4.5,8,1,7.4,0,8,1,1,0,8,1
2017/4/4,8.4,8,1,10.6,0,8,1,0,1,8,1,9.4,8,1,9.7,0,8,1,0,1,8,1,11.2,8,1,11.8,0,8,1,0,1,8,1,9.8,8,1,10.8,0,8,1,0,1,8,1,11.2,8,1,12,0,8,1,0,1,8,1,11.7,8,1,11.4,0,8,1,0,0,8,1,11.1,8,1,11.7,0,8,1,0,1,8,1,11.6,8,1,12,0,8,1,0,1,8,1,7,8,1,8.6,0,8,1,0,0,8,1
2017/4/5,12.6,8,1,10.4,0,8,1,0,1,8,1,12.8,8,1,9.9,0,8,1,0,1,8,1,13.6,8,1,9.1,0,8,1,0,1,8,1,14,8,1,9.5,0,8,1,0,1,8,1,14.7,8,1,9.4,0,8,1,0,1,8,1,13.6,8,1,9.1,0,8,1,0,1,8,1,13.4,8,1,6.8,0,8,1,0,1,8,1,14.9,8,1,9.1,0,8,1,0,1,8,1,11.3,8,1,8.2,0,8,1,0,1,8,1
2017/4/6,15,8,1,6.6,0,8,1,0.5,0,8,1,14.9,8,1,6.4,0,8,1,0,0,8,1,15.5,8,1,7.8,0,8,1,0,0,8,1,17,8,1,5.7,0,8,1,0,1,8,1,16.7,8,1,7.2,0,8,1,0.5,0,8,1,15.3,8,1,6.3,0,8,1,0,0,8,1,14.8,8,1,5.5,0,8,1,0,0,8,1,16.8,8,1,7.6,0,8,1,0,0,8,1,14.5,8,1,4.3,0,8,1,0,0,8,1
2017/4/7,16.8,8,1,2.3,0,8,1,6.5,0,8,1,17.3,8,1,3.2,0,8,1,2,0,8,1,17.9,8,1,6.5,0,8,1,0,0,8,1,16.7,8,1,0.2,0,8,1,1.5,0,8,1,17.5,8,1,2.8,0,8,1,3,0,8,1,17.4,8,1,6.4,0,8,1,0,0,8,1,16.9,8,1,1.6,0,8,1,0.5,0,8,1,17.5,8,1,3.4,0,8,1,0.5,0,8,1,15.1,8,1,5.7,0,8,1,7.5,0,8,1
2017/4/8,12.2,8,1,0,0,8,1,10,0,8,1,14.2,8,1,0,0,8,1,1.5,0,8,1,14.9,8,1,0,0,8,1,1,0,8,1,16.7,8,1,0,0,8,1,23,0,8,1,15.3,8,1,0,0,8,1,7,0,8,1,15,8,1,0,0,8,1,0,0,8,1,17.6,8,1,0,0,8,1,0,0,8,1,16.5,8,1,0,0,8,1,9.5,0,8,1,15.9,8,1,1.4,0,8,1,0,0,8,1
2017/4/9,11.8,8,1,0.5,0,8,1,12.5,0,8,1,13.3,8,1,0,0,8,1,9,0,8,1,14.3,8,1,0.5,0,8,1,4.5,0,8,1,14.8,8,1,0,0,8,1,14,0,8,1,13.8,8,1,0,0,8,1,9,0,8,1,13.9,8,1,1.5,0,8,1,3,0,8,1,16.4,8,1,0.6,0,8,1,3.5,0,8,1,14.4,8,1,0,0,8,1,7,0,8,1,9.7,8,1,1.9,0,8,1,5.5,0,8,1
2017/4/10,9,8,1,9.1,0,8,1,0,1,8,1,10,8,1,9,0,8,1,0,1,8,1,10.7,8,1,8,0,8,1,0,1,8,1,11.3,8,1,3.2,0,8,1,0,1,8,1,10.4,8,1,6.5,0,8,1,0,1,8,1,10.7,8,1,8.6,0,8,1,0,1,8,1,11.1,8,1,5.3,0,8,1,0,1,8,1,11.1,8,1,5.6,0,8,1,0,1,8,1,8.5,8,1,10.1,0,8,1,0,1,8,1
2017/4/11,9,8,1,0,0,8,1,39.5,0,8,1,8.3,8,1,0,0,8,1,34.5,0,8,1,7.1,8,1,0,0,8,1,35,0,8,1,13.4,8,1,0,0,8,1,56.5,0,8,1,8.5,8,1,0,0,8,1,46,0,8,1,6.8,8,1,0,0,8,1,29.5,0,8,1,7.5,8,1,0,0,8,1,27.5,0,8,1,9,8,1,0,0,8,1,35.5,0,8,1,6.9,8,1,0,0,8,1,7.5,0,8,1
2017/4/12,12.9,8,1,7.7,0,8,1,0,1,8,1,12.4,8,1,8.2,0,8,1,0,1,8,1,14,8,1,10,0,8,1,0,1,8,1,14.7,8,1,9.9,0,8,1,14.5,0,8,1,14.3,8,1,9.7,0,8,1,0,0,8,1,12.1,8,1,10,0,8,1,0,1,8,1,12.5,8,1,8.3,0,8,1,0,1,8,1,14.3,8,1,7.4,0,8,1,0,0,8,1,6.5,8,1,4.3,0,8,1,0,0,8,1
2017/4/13,10.8,8,1,11.8,0,8,1,0,1,8,1,10.5,8,1,12.4,0,8,1,0,1,8,1,11.6,8,1,11.8,0,8,1,0,1,8,1,11.4,8,1,6.4,0,8,1,0,0,8,1,12.3,8,1,9.1,0,8,1,0,0,8,1,10.2,8,1,10.6,0,8,1,0,1,8,1,12.5,8,1,11.7,0,8,1,0,1,8,1,12.8,8,1,7.6,0,8,1,0,0,8,1,5.8,8,1,10,0,8,1,0,1,8,1
2017/4/14,13.3,8,1,12,0,8,1,0,1,8,1,13.1,8,1,12.2,0,8,1,0,1,8,1,14.2,8,1,11.7,0,8,1,0,1,8,1,14.7,8,1,12,0,8,1,0,1,8,1,15,8,1,11.7,0,8,1,0,1,8,1,13.4,8,1,10.5,0,8,1,0,1,8,1,13.4,8,1,11.7,0,8,1,0,1,8,1,15.4,8,1,12.1,0,8,1,0,1,8,1,11.2,8,1,9.7,0,8,1,0,1,8,1
2017/4/15,15.3,8,1,8.3,0,8,1,7,0,8,1,16.2,8,1,9.3,0,8,1,0,0,8,1,16.8,8,1,8.4,0,8,1,0,0,8,1,17.3,8,1,9.6,0,8,1,0,1,8,1,18.6,8,1,8.2,0,8,1,0,0,8,1,16.4,8,1,7.4,0,8,1,0,1,8,1,15,8,1,6.2,0,8,1,0,0,8,1,18.7,8,1,9.6,0,8,1,0,1,8,1,13.5,8,1,6.4,0,8,1,0,0,8,1
2017/4/16,18.2,8,1,11.3,0,8,1,0,1,8,1,18.4,8,1,11.2,0,8,1,0,1,8,1,19.4,8,1,11.5,0,8,1,0,1,8,1,16.7,8,1,11.8,0,8,1,0,1,8,1,18.9,8,1,11.9,0,8,1,0,1,8,1,19.2,8,1,10.3,0,8,1,0,1,8,1,17.2,8,1,11.1,0,8,1,0,1,8,1,19.5,8,1,11.6,0,8,1,0,1,8,1,15.1,8,1,9.4,0,8,1,0,1,8,1
2017/4/17,15.5,8,1,3.7,0,8,1,6,0,8,1,16.7,8,1,3.9,0,8,1,22,0,8,1,18.3,8,1,3.7,0,8,1,4,0,8,1,16.1,8,1,1.4,0,8,1,8.5,0,8,1,18.3,8,1,3.8,0,8,1,13,0,8,1,17.6,8,1,3.8,0,8,1,1.5,0,8,1,15.5,8,1,2.9,0,8,1,23,0,8,1,17.7,8,1,3.7,0,8,1,16.5,0,8,1,14.7,8,1,4,0,8,1,3,0,8,1
2017/4/18,18.2,8,1,2.5,0,8,1,13,0,8,1,17.2,8,1,2.6,0,8,1,22,0,8,1,19.1,8,1,7.3,0,8,1,3,0,8,1,17.2,8,1,0.2,0,8,1,47.5,0,8,1,20,8,1,5.1,0,8,1,17.5,0,8,1,18.2,8,1,9.1,0,8,1,6,0,8,1,19.8,8,1,10.4,0,8,1,17.5,0,8,1,19.5,8,1,4.6,0,8,1,29.5,0,8,1,14.5,8,1,10.6,0,8,1,7.5,0,8,1
2017/4/19,15.1,8,1,11.7,0,8,1,0,1,8,1,14.4,8,1,8.7,0,8,1,0.5,0,8,1,15.9,8,1,11,0,8,1,0,1,8,1,16.5,8,1,12,0,8,1,0,0,8,1,18,8,1,11.8,0,8,1,0,1,8,1,14.6,8,1,8,0,8,1,0,1,8,1,15.5,8,1,9.6,0,8,1,0,0,8,1,18.6,8,1,12.3,0,8,1,0,1,8,1,9.7,8,1,5.5,0,8,1,1,0,8,1
2017/4/20,13.5,8,1,10.2,0,8,1,0,0,8,1,13.5,8,1,11.3,0,8,1,0,1,8,1,15.9,8,1,11.7,0,8,1,0,1,8,1,14.5,8,1,7.5,0,8,1,0,1,8,1,15.7,8,1,9,0,8,1,0,0,8,1,15.5,8,1,11.1,0,8,1,0,0,8,1,14.3,8,1,10.5,0,8,1,0,1,8,1,15.5,8,1,9.6,0,8,1,0,0,8,1,10.7,8,1,4.5,0,8,1,0,0,8,1
2017/4/21,14,8,1,1.5,0,8,1,0.5,0,8,1,14.7,8,1,2.3,0,8,1,0,0,8,1,15.4,8,1,1.8,0,8,1,0,1,8,1,14.6,8,1,1.2,0,8,1,0,1,8,1,15.6,8,1,0.1,0,8,1,0,0,8,1,15.3,8,1,2.8,0,8,1,0,0,8,1,14.6,8,1,2.7,0,8,1,0,0,8,1,15.5,8,1,1.2,0,8,1,0,0,8,1,13.1,8,1,3.5,0,8,1,0,0,8,1
2017/4/22,13.3,8,1,5.3,0,8,1,3,0,8,1,13,8,1,4.3,0,8,1,9.5,0,8,1,15,8,1,4.5,0,8,1,0.5,0,8,1,15.1,8,1,0.5,0,8,1,0,0,8,1,14.3,8,1,0.1,0,8,1,15,0,8,1,14.7,8,1,7.4,0,8,1,0,0,8,1,14,8,1,5,0,8,1,2.5,0,8,1,15,8,1,0.4,0,8,1,9,0,8,1,8.6,8,1,9.1,0,8,1,0,1,8,1
2017/4/23,11.3,8,1,12.3,0,8,1,0,0,8,1,12.2,8,1,10.3,0,8,1,0,0,8,1,14.2,8,1,12.9,0,8,1,0,0,8,1,13,8,1,8,0,8,1,0,1,8,1,13.6,8,1,10.5,0,8,1,0.5,0,8,1,13.3,8,1,12.7,0,8,1,0,1,8,1,13.9,8,1,11.8,0,8,1,0,1,8,1,13.8,8,1,11.3,0,8,1,0.5,0,8,1,7.5,8,1,10.2,0,8,1,0,1,8,1
2017/4/24,11,8,1,6.7,0,8,1,0,1,8,1,13.3,8,1,9.2,0,8,1,0,1,8,1,14.7,8,1,7.9,0,8,1,0,1,8,1,13.9,8,1,8.6,0,8,1,0,1,8,1,14.5,8,1,7,0,8,1,0,1,8,1,14.7,8,1,10.4,0,8,1,0,1,8,1,15.1,8,1,9.8,0,8,1,0,1,8,1,14.9,8,1,7,0,8,1,0,1,8,1,13.4,8,1,12.4,0,8,1,0,1,8,1
2017/4/25,14.4,8,1,11.1,0,8,1,0,1,8,1,15.3,8,1,8.8,0,8,1,0,1,8,1,15.9,8,1,10.8,0,8,1,0,1,8,1,15.7,8,1,9,0,8,1,0,1,8,1,16,8,1,9.5,0,8,1,0,1,8,1,16.2,8,1,10,0,8,1,0,1,8,1,15.8,8,1,10.7,0,8,1,0,1,8,1,16.1,8,1,9.6,0,8,1,0,1,8,1,16.4,8,1,9.8,0,8,1,0,0,8,1
2017/4/26,15.7,8,1,0.5,0,8,1,0,0,8,1,15.7,8,1,1,0,8,1,0,1,8,1,15.4,8,1,0.2,0,8,1,0,1,8,1,16.6,8,1,1.1,0,8,1,0,0,8,1,16.9,8,1,0,0,8,1,0,0,8,1,15.2,8,1,1,0,8,1,0,0,8,1,15.5,8,1,1.6,0,8,1,0,0,8,1,16.6,8,1,0,0,8,1,0,0,8,1,13.5,8,1,0.3,0,8,1,10.5,0,8,1
2017/4/27,12.9,8,1,4.9,0,8,1,0,0,8,1,15,8,1,4.5,0,8,1,0,0,8,1,15.9,8,1,5,0,8,1,0,0,8,1,13.8,8,1,0.8,0,8,1,10,0,8,1,14.7,8,1,5,0,8,1,3.5,0,8,1,14.6,8,1,6.6,0,8,1,0,0,8,1,15.4,8,1,2.9,0,8,1,0,0,8,1,14.2,8,1,1.7,0,8,1,6,0,8,1,10.2,8,1,6.1,0,8,1,1.5,0,8,1
2017/4/28,12.3,8,1,6.2,0,8,1,2,0,8,1,13.8,8,1,8.7,0,8,1,4,0,8,1,14.8,8,1,10.7,0,8,1,0,1,8,1,15.5,8,1,8.7,0,8,1,0,1,8,1,15.9,8,1,9.5,0,8,1,0,1,8,1,14.6,8,1,11.6,0,8,1,2,0,8,1,15.2,8,1,9.6,0,8,1,0,1,8,1,15.8,8,1,9.2,0,8,1,0,1,8,1,10.7,8,1,12,0,8,1,0,1,8,1
2017/4/29,14.5,8,1,11.2,0,8,1,5,0,8,1,13.5,8,1,10.2,0,8,1,3.5,0,8,1,15.1,8,1,10.1,0,8,1,1,0,8,1,15.1,8,1,12.6,0,8,1,0,1,8,1,16.2,8,1,10.4,0,8,1,0,0,8,1,14.1,8,1,8.8,0,8,1,1.5,0,8,1,15.2,8,1,8.6,0,8,1,0,0,8,1,16.9,8,1,12,0,8,1,0,1,8,1,11.4,8,1,7.1,0,8,1,0.5,0,8,1
2017/4/30,15.7,8,1,11.4,0,8,1,0,1,8,1,15.9,8,1,12.7,0,8,1,0,1,8,1,17.5,8,1,12.6,0,8,1,0,1,8,1,16.3,8,1,12.5,0,8,1,0,1,8,1,17.8,8,1,12.3,0,8,1,0,1,8,1,17.2,8,1,12.6,0,8,1,0,1,8,1,16.4,8,1,12.4,0,8,1,0,1,8,1,18.5,8,1,12.6,0,8,1,0,1,8,1,16.4,8,1,12.3,0,8,1,0,1,8,1
2017/5/1,14.9,8,1,6.5,0,8,1,7,0,8,1,15.4,8,1,4.5,0,8,1,3,0,8,1,15.9,8,1,4.9,0,8,1,4,0,8,1,17.6,8,1,9,0,8,1,0,0,8,1,17.7,8,1,7.6,0,8,1,1,0,8,1,16.4,8,1,3.5,0,8,1,0,0,8,1,16.2,8,1,6.4,0,8,1,0,0,8,1,17.9,8,1,8.4,0,8,1,1,0,8,1,11.7,8,1,2.1,0,8,1,5.5,0,8,1
2017/5/2,13.7,8,1,13.1,0,8,1,0,1,8,1,15.1,8,1,13.1,0,8,1,0,1,8,1,17,8,1,12.8,0,8,1,0,1,8,1,14.9,8,1,11.3,0,8,1,0,1,8,1,16.6,8,1,12.4,0,8,1,0,1,8,1,16.1,8,1,12.9,0,8,1,0,1,8,1,15.8,8,1,12.6,0,8,1,0,1,8,1,16.9,8,1,10.5,0,8,1,0,1,8,1,11.6,8,1,12.6,0,8,1,0,1,8,1
2017/5/3,16.1,8,1,10.6,0,8,1,0,1,8,1,16,8,1,11.4,0,8,1,0,1,8,1,16.9,8,1,10.1,0,8,1,0,1,8,1,15.8,8,1,8.9,0,8,1,0,1,8,1,17.1,8,1,9.5,0,8,1,0,1,8,1,16.9,8,1,9.6,0,8,1,0,1,8,1,16.1,8,1,8,0,8,1,0,1,8,1,17,8,1,9,0,8,1,0,1,8,1,14.9,8,1,9,0,8,1,0,1,8,1
2017/5/4,17.5,8,1,9.1,0,8,1,0,1,8,1,17.5,8,1,10,0,8,1,0,1,8,1,18.4,8,1,10.9,0,8,1,0,1,8,1,17.6,8,1,6.4,0,8,1,0,1,8,1,18.1,8,1,9.9,0,8,1,0,1,8,1,17.9,8,1,10.9,0,8,1,0,1,8,1,17.4,8,1,8.3,0,8,1,0,1,8,1,18,8,1,8.6,0,8,1,0,1,8,1,18.3,8,1,11.9,0,8,1,0,1,8,1
2017/5/5,18.7,8,1,12.1,0,8,1,0,1,8,1,19.7,8,1,10.7,0,8,1,0,0,8,1,20.1,8,1,12.8,0,8,1,0,1,8,1,17.7,8,1,6.8,0,8,1,0,1,8,1,19.6,8,1,11.4,0,8,1,0,1,8,1,19.8,8,1,12.3,0,8,1,0,1,8,1,18.6,8,1,10.6,0,8,1,0,1,8,1,18.9,8,1,12.5,0,8,1,0,1,8,1,18.4,8,1,11.7,0,8,1,0,1,8,1
2017/5/6,20.7,8,1,4.6,0,8,1,0,1,8,1,19.6,8,1,0.7,0,8,1,0,0,8,1,20.9,8,1,8.2,0,8,1,0,0,8,1,18.9,8,1,6.5,0,8,1,0,0,8,1,21.7,8,1,12.4,0,8,1,0,1,8,1,20,8,1,4.5,0,8,1,0,0,8,1,20,8,1,4.7,0,8,1,0,0,8,1,20.9,8,1,11.4,0,8,1,0,1,8,1,15,8,1,1.5,0,8,1,1.5,0,8,1
2017/5/7,17.6,8,1,2.5,0,8,1,0.5,0,8,1,18.5,8,1,4.7,0,8,1,11,0,8,1,20.7,8,1,6.1,0,8,1,0,0,8,1,18.9,8,1,4.3,0,8,1,0,0,8,1,19.9,8,1,3.6,0,8,1,0,0,8,1,19.8,8,1,8.4,0,8,1,0,1,8,1,20.9,8,1,5.1,0,8,1,0,1,8,1,20.1,8,1,2.2,0,8,1,0,1,8,1,14.6,8,1,9.4,0,8,1,0,1,8,1
2017/5/8,19.6,8,1,12.7,0,8,1,0,1,8,1,19.3,8,1,12.8,0,8,1,0,1,8,1,20.9,8,1,12.8,0,8,1,0,1,8,1,17.9,8,1,12.6,0,8,1,0,1,8,1,20.8,8,1,12.3,0,8,1,0,1,8,1,19.3,8,1,12.9,0,8,1,0,1,8,1,21.3,8,1,12.5,0,8,1,0,1,8,1,21.7,8,1,12.5,0,8,1,0,1,8,1,14.9,8,1,12.5,0,8,1,0,1,8,1
2017/5/9,17.1,8,1,4.5,0,8,1,0,1,8,1,17.1,8,1,0.6,0,8,1,0,1,8,1,19.2,8,1,0.2,0,8,1,0,0,8,1,18.7,8,1,1.4,0,8,1,0,0,8,1,19.1,8,1,0.2,0,8,1,0,0,8,1,18.2,8,1,0,0,8,1,0,0,8,1,19.2,8,1,0.2,0,8,1,0,0,8,1,19.1,8,1,0.8,0,8,1,0,0,8,1,15.4,8,1,0,0,8,1,0,0,8,1
2017/5/10,15.4,8,1,0,0,8,1,8.5,0,8,1,15.5,8,1,0,0,8,1,3.5,0,8,1,15.8,8,1,0,0,8,1,7,0,8,1,16.2,8,1,0,0,8,1,11.5,0,8,1,16.3,8,1,0,0,8,1,4,0,8,1,16.1,8,1,0,0,8,1,1.5,0,8,1,16,8,1,0,0,8,1,3,0,8,1,16.4,8,1,0,0,8,1,5.5,0,8,1,16.8,8,1,0.4,0,8,1,0,0,8,1
2017/5/11,19.2,8,1,10.5,0,8,1,0,0,8,1,20,8,1,7.5,0,8,1,0,0,8,1,21.3,8,1,11.9,0,8,1,0,0,8,1,18.6,8,1,10.1,0,8,1,0,1,8,1,21,8,1,9.4,0,8,1,0,0,8,1,20.7,8,1,9.9,0,8,1,0,0,8,1,21.4,8,1,7.5,0,8,1,0,0,8,1,21.3,8,1,10.2,0,8,1,0,1,8,1,16.5,8,1,3.9,0,8,1,2,0,8,1
2017/5/12,19.5,8,1,10.5,0,8,1,0,0,8,1,20.5,8,1,7.5,0,8,1,0,0,8,1,21.7,8,1,8.6,0,8,1,0,0,8,1,19.5,8,1,10.4,0,8,1,0,0,8,1,21.6,8,1,7.8,0,8,1,0,0,8,1,21.4,8,1,7.1,0,8,1,0,0,8,1,21.7,8,1,8.6,0,8,1,0,0,8,1,21.7,8,1,9.3,0,8,1,0,0,8,1,18.4,8,1,7.1,0,8,1,0.5,0,8,1
2017/5/13,16.6,8,1,0,0,8,1,66.5,0,8,1,16.4,8,1,0,0,8,1,44.5,0,8,1,17,8,1,0,0,8,1,33.5,0,8,1,18.3,8,1,0,0,8,1,32.5,0,8,1,17.8,8,1,0,0,8,1,27,0,8,1,16.3,8,1,0,0,8,1,39.5,0,8,1,15.9,8,1,0,0,8,1,19.5,0,8,1,17.8,8,1,0,0,8,1,34,0,8,1,15.7,8,1,0,0,8,1,12,0,8,1
2017/5/14,16.6,8,1,0,0,8,1,0,0,8,1,17.5,8,1,0,0,8,1,0,0,8,1,18.3,8,1,1.1,0,8,1,0,0,8,1,17,8,1,0.3,0,8,1,0,1,8,1,17.8,8,1,0.7,0,8,1,0,0,8,1,17.4,8,1,0.3,0,8,1,0,0,8,1,18.5,8,1,2.5,0,8,1,0,1,8,1,18.1,8,1,1.9,0,8,1,0,1,8,1,18.8,8,1,6.9,0,8,1,0,1,8,1
2017/5/15,15.8,8,1,0,0,8,1,1.5,0,8,1,16.2,8,1,0,0,8,1,1,0,8,1,16.9,8,1,0,0,8,1,0,0,8,1,17.2,8,1,6.8,0,8,1,6.5,0,8,1,17.7,8,1,1.1,0,8,1,0,0,8,1,16.1,8,1,0,0,8,1,0,0,8,1,19.6,8,1,3.5,0,8,1,0,0,8,1,17.9,8,1,1.6,0,8,1,0,0,8,1,17.1,8,1,6.9,0,8,1,0,0,8,1
2017/5/16,17.4,8,1,6.2,0,8,1,0,0,8,1,17.9,8,1,5.2,0,8,1,1.5,0,8,1,19.1,8,1,5.5,0,8,1,0,0,8,1,18,8,1,3.2,0,8,1,0,1,8,1,18.9,8,1,4.6,0,8,1,0,0,8,1,19.1,8,1,7,0,5,1,0,0,8,1,18.3,8,1,5.4,0,8,1,0,1,8,1,18.8,8,1,4.5,0,8,1,0,1,8,1,14.5,8,1,8.9,0,8,1,0,1,8,1
2017/5/17,15.8,8,1,0.6,0,8,1,0,0,8,1,15.5,8,1,0,0,8,1,0,0,8,1,16.6,8,1,0.2,0,8,1,0,0,8,1,17.2,8,1,0.9,0,8,1,0,1,8,1,17.2,8,1,0.2,0,8,1,0,1,8,1,15.6,8,1,0,0,8,1,2,0,8,1,17.7,8,1,1.1,0,8,1,5,0,8,1,17.7,8,1,0.3,0,8,1,0,1,8,1,14.7,8,1,4.5,0,8,1,3,0,8,1
2017/5/18,16.7,8,1,8.5,0,8,1,3.5,0,8,1,16.9,8,1,3.7,0,8,1,0.5,0,8,1,18.6,8,1,7.8,0,8,1,0,0,8,1,17.4,8,1,5.9,0,8,1,0.5,0,8,1,17.6,8,1,5.4,0,8,1,1.5,0,8,1,17.8,8,1,4.9,0,8,1,9.5,0,8,1,18.6,8,1,8.2,0,8,1,0,0,8,1,18.2,5,1,6.3,0,8,1,0.5,0,8,1,15.4,8,1,7,0,8,1,0,0,8,1
2017/5/19,18.8,8,1,12.9,0,8,1,0,1,8,1,19.7,8,1,12.2,0,8,1,0,1,8,1,20.6,8,1,13.2,0,8,1,0,1,8,1,18.3,8,1,12.9,0,8,1,0,1,8,1,20,8,1,12.4,0,8,1,0,1,8,1,20.8,8,1,13.3,0,8,1,0,1,8,1,20.1,8,1,12.9,0,8,1,0,1,8,1,20,8,1,13.1,0,8,1,0,1,8,1,18.3,8,1,12.9,0,8,1,0,1,8,1
2017/5/20,21.9,8,1,12.4,0,8,1,0,1,8,1,22.6,8,1,13.1,0,8,1,0,1,8,1,23.4,8,1,13,0,8,1,0,1,8,1,19.7,8,1,13.1,0,8,1,0,1,8,1,22.1,8,1,13.1,0,8,1,0,1,8,1,24,8,1,13.2,0,8,1,0,1,8,1,22.8,8,1,11.8,0,8,1,0,1,8,1,21.7,8,1,13.1,0,8,1,0,1,8,1,20.4,8,1,12.9,0,8,1,0,1,8,1
2017/5/21,23.7,8,1,13,0,8,1,0,1,8,1,25.1,8,1,12.5,0,8,1,0,1,8,1,25.4,8,1,12.3,0,8,1,0,1,8,1,20.2,8,1,12.9,0,8,1,0,1,8,1,23.8,8,1,12.1,0,8,1,0,1,8,1,25.7,8,1,12,0,8,1,0,1,8,1,23.7,8,1,11.5,0,8,1,0,1,8,1,23.1,8,1,12.6,0,8,1,0,1,8,1,22,8,1,12.7,0,8,1,0,1,8,1
2017/5/22,23.8,8,1,12.9,0,8,1,0,1,8,1,23.8,8,1,12.4,0,8,1,0,1,8,1,24.9,8,1,12.3,0,8,1,0,1,8,1,20.3,8,1,12.7,0,8,1,0,1,8,1,23.2,8,1,12.9,0,8,1,0,1,8,1,25.7,8,1,12.5,0,8,1,0,1,8,1,22.6,8,1,10.2,0,8,1,0,1,8,1,22.8,8,1,12.6,0,8,1,0,1,8,1,22.3,8,1,11.6,0,8,1,0,1,8,1
2017/5/23,22.1,8,1,9.5,0,8,1,0,1,8,1,22.1,8,1,11.6,0,8,1,0,1,8,1,23.3,8,1,12.2,0,8,1,0,1,8,1,20.6,8,1,11.6,0,8,1,0,0,8,1,22.5,8,1,12.4,0,8,1,0,1,8,1,23.7,8,1,11.4,0,8,1,0,1,8,1,22.6,8,1,7.7,0,8,1,0,1,8,1,22.2,8,1,12.7,0,8,1,0,1,8,1,21.6,8,1,10.8,0,8,1,0,1,8,1
2017/5/24,21.9,8,1,1.2,0,8,1,0,0,8,1,21.3,8,1,1.6,0,8,1,0,0,8,1,22.1,8,1,1.3,0,8,1,0,0,8,1,21.7,8,1,6.6,0,5,1,0,0,8,1,22.2,8,1,2.7,0,8,1,0,0,8,1,21.5,8,1,0.4,0,8,1,0.5,0,8,1,21.2,8,1,1.1,0,8,1,0,0,8,1,22,8,1,4,0,8,1,0,0,8,1,18.9,8,1,0,0,8,1,0.5,0,8,1
2017/5/25,18.2,8,1,0,0,8,1,2.5,0,8,1,19.1,8,1,0,0,8,1,4,0,8,1,19.8,8,1,0.1,0,8,1,10,0,8,1,21.2,8,1,1.3,0,8,1,0,0,8,1,20.9,8,1,0.4,0,8,1,1,0,8,1,19.6,8,1,0,0,8,1,11,0,8,1,18.6,8,1,0,0,8,1,2.5,0,8,1,21.5,8,1,1.2,0,8,1,0.5,0,8,1,17.7,8,1,0.7,0,8,1,13.5,0,8,1
2017/5/26,16.3,8,1,0.4,0,8,1,4.5,0,8,1,17.1,8,1,0,0,8,1,4,0,8,1,17.5,8,1,0,0,8,1,13.5,0,8,1,18.7,8,1,0.8,0,8,1,33.5,0,8,1,18.8,8,1,0,0,8,1,14.5,0,8,1,17.4,8,1,0,0,8,1,6,0,8,1,18.6,8,1,0,0,8,1,15.5,0,8,1,19.2,8,1,0.2,0,8,1,19,0,8,1,17.5,8,1,0.1,0,8,1,3.5,0,8,1
2017/5/27,16.6,8,1,1.1,0,8,1,1,0,8,1,16.9,8,1,0.2,0,8,1,10.5,0,8,1,18.5,8,1,0.1,0,8,1,7.5,0,8,1,20.2,8,1,10.3,0,8,1,0,0,8,1,20.9,8,1,7,0,8,1,0,0,8,1,19,8,1,4.1,0,8,1,2,0,8,1,21.3,8,1,11.1,0,8,1,0.5,0,8,1,21.9,8,1,10.2,0,8,1,0,0,8,1,16.3,8,1,10.5,0,8,1,0,0,8,1
2017/5/28,19.2,8,1,7.9,0,8,1,0,0,8,1,20.1,8,1,6.7,0,8,1,0,0,8,1,21.6,8,1,8.7,0,8,1,0,1,8,1,19.2,8,1,6.2,0,8,1,0,1,8,1,20.9,8,1,6.6,0,8,1,0,1,8,1,20.8,8,1,10.5,0,8,1,0.5,0,8,1,21.2,8,1,9.9,0,8,1,0,1,8,1,20.9,8,1,10.2,0,8,1,0,1,8,1,16.5,8,1,7.6,0,8,1,0,1,8,1
2017/5/29,21.3,8,1,12.1,0,8,1,0,1,8,1,21.6,8,1,12.1,0,8,1,0,1,8,1,22.1,8,1,12.8,0,8,1,0,1,8,1,20.5,8,1,7.4,0,8,1,0,1,8,1,21.5,8,1,12,0,8,1,0,1,8,1,21.8,8,1,13.3,0,8,1,0,1,8,1,21.7,8,1,12.6,0,8,1,0,1,8,1,21.3,8,1,11.4,0,8,1,0,1,8,1,19.3,8,1,13.3,0,8,1,0,1,8,1
2017/5/30,23.2,8,1,11.9,0,8,1,0,1,8,1,23.6,8,1,11.9,0,8,1,0,1,8,1,24.5,8,1,11.4,0,8,1,0,1,8,1,21.5,8,1,10.6,0,8,1,0,1,8,1,23.3,8,1,12.1,0,8,1,0,1,8,1,24.9,8,1,11.9,0,8,1,0,1,8,1,23.4,8,1,11.4,0,8,1,0,1,8,1,23.1,8,1,11.5,0,8,1,0,1,8,1,22.3,8,1,10.1,0,8,1,0,1,8,1
2017/5/31,23.7,8,1,4.6,0,8,1,0,1,8,1,23.6,8,1,3.4,0,8,1,0,1,8,1,24.2,8,1,3.5,0,8,1,0,1,8,1,22.3,8,1,7.4,0,8,1,0,1,8,1,23.6,8,1,4.7,0,8,1,0,1,8,1,24.7,8,1,3,0,8,1,0,1,8,1,22.7,8,1,4.6,0,8,1,0,1,8,1,23.2,8,1,5.4,0,8,1,0,0,8,1,22.4,8,1,4.9,0,8,1,17,0,8,1
2017/6/1,20.9,8,1,0.9,0,8,1,0,0,8,1,20.9,8,1,0.9,0,8,1,9,0,8,1,23,8,1,3.1,0,8,1,0.5,0,8,1,21.3,8,1,1.2,0,8,1,2.5,0,8,1,21.5,8,1,1.7,0,8,1,15.5,0,8,1,23.3,8,1,2.8,0,8,1,0,0,8,1,22.5,8,1,4.9,0,8,1,0,0,8,1,22.2,8,1,4.2,0,8,1,20,0,8,1,19.3,8,1,4.7,0,8,1,1.5,0,8,1
2017/6/2,20.8,8,1,8.3,0,8,1,4,0,8,1,19.9,8,1,10.3,0,8,1,9.5,0,8,1,21.5,8,1,12.1,0,8,1,8,0,8,1,20.6,8,1,11.7,0,8,1,0,1,8,1,23,8,1,10.6,0,8,1,0,1,8,1,20.7,8,1,11,0,8,1,11,0,8,1,20.9,8,1,12.4,0,8,1,3.5,0,8,1,23.7,8,1,12.1,0,8,1,0,1,8,1,15.9,8,1,6.6,0,8,1,7,0,8,1
2017/6/3,18.3,8,1,11.8,0,8,1,0,1,8,1,18.6,8,1,11.6,0,8,1,0,0,8,1,20.5,8,1,13.7,0,8,1,0,1,8,1,19.7,8,1,13.2,0,8,1,0,1,8,1,21.4,8,1,12.1,0,8,1,0,1,8,1,18.5,8,1,13.5,0,8,1,0,0,8,1,19.6,8,1,13.1,0,8,1,0,1,8,1,21.3,8,1,13,0,8,1,0,1,8,1,13.5,8,1,8.4,0,8,1,0,0,8,1
2017/6/4,18.6,8,1,11,0,8,1,0,1,8,1,18.2,8,1,10.8,0,8,1,0,1,8,1,20.1,8,1,13.8,0,8,1,0,1,8,1,19.8,8,1,11.4,0,8,1,0,1,8,1,21,8,1,7.2,0,8,1,0,1,8,1,18.3,8,1,12.5,0,8,1,0,1,8,1,20.2,8,1,12.6,0,8,1,0,1,8,1,20.9,8,1,11.9,0,8,1,0,1,8,1,13.5,8,1,7.2,0,8,1,0,0,8,1
2017/6/5,16.9,8,1,9.8,0,8,1,0,1,8,1,18.2,8,1,9.8,0,8,1,0,0,8,1,20,8,1,9.7,0,8,1,0,1,8,1,19.5,8,1,10.5,0,8,1,0,0,8,1,19.6,8,1,9.2,0,8,1,3.5,0,8,1,19.4,8,1,10.6,0,8,1,0,0,8,1,19.9,8,1,9.8,0,8,1,0,0,8,1,20.1,8,1,8.8,0,8,1,5.5,0,8,1,14.2,8,1,12.5,0,8,1,0,1,8,1
2017/6/6,16.9,8,1,6.5,0,8,1,0,1,8,1,18.5,8,1,4.4,0,8,1,0,0,8,1,20.2,8,1,5.4,0,8,1,0,1,8,1,19.3,8,1,4.5,0,8,1,0,1,8,1,19.6,8,1,4.4,0,8,1,0,0,8,1,20.2,8,1,6.8,0,8,1,0,0,8,1,20.2,8,1,9.4,0,8,1,0,1,8,1,19.8,8,1,5,0,8,1,0,0,8,1,18.1,8,1,10.5,0,8,1,0,1,8,1
2017/6/7,19.2,8,1,0.3,0,8,1,0,0,8,1,19.1,8,1,0.1,0,8,1,1,0,8,1,20.3,8,1,0,0,8,1,0,0,8,1,20.2,8,1,0.7,0,8,1,0,0,8,1,20.3,8,1,0,0,8,1,0,0,8,1,19.4,8,1,0,0,8,1,1.5,0,8,1,19.1,8,1,0.1,0,8,1,2,0,8,1,20.2,8,1,0.3,0,8,1,0,0,8,1,18.3,8,1,0,0,8,1,3,0,8,1
2017/6/8,20.7,8,1,0.4,0,8,1,1,0,8,1,21.2,8,1,1.5,0,8,1,0.5,0,8,1,21.6,8,1,1.7,0,8,1,0,0,8,1,20.1,8,1,0,0,8,1,24,0,8,1,22,8,1,4.9,0,8,1,0,0,8,1,21.4,8,1,3.6,0,8,1,0.5,0,8,1,19.1,8,1,0.9,0,8,1,0,0,8,1,20.9,8,1,3.1,0,8,1,0,0,8,1,19.2,8,1,2.8,0,8,1,2.5,0,8,1
2017/6/9,20.6,8,1,10.5,0,8,1,0,1,8,1,22,8,1,7.8,0,8,1,0,0,8,1,23.5,8,1,8.2,0,8,1,3.5,0,8,1,21.4,8,1,6.2,0,8,1,0,1,8,1,23.1,8,1,7,0,8,1,0,1,8,1,22.6,8,1,9.2,0,8,1,0,0,8,1,22.9,8,1,10.2,0,8,1,0,1,8,1,22.8,8,1,5.5,0,8,1,0,1,8,1,19.7,8,1,11.6,0,8,1,0,1,8,1
2017/6/10,21.5,8,1,8.9,0,8,1,4,0,8,1,21.9,8,1,8.4,0,8,1,0,0,8,1,23.3,8,1,8.1,0,8,1,0,1,8,1,21.4,8,1,11.4,0,8,1,0,1,8,1,24.6,8,1,8.3,0,8,1,0,0,8,1,21.3,8,1,7.4,0,8,1,0,0,8,1,23.2,8,1,6.2,0,8,1,0,0,8,1,24.2,8,1,11.4,0,8,1,0,1,8,1,16.5,8,1,4,0,8,1,2,0,8,1
2017/6/11,19,8,1,11.8,0,8,1,0,0,8,1,19.3,8,1,10,0,8,1,6.5,0,8,1,21.3,8,1,10,0,8,1,2.5,0,8,1,20.5,8,1,0.9,0,8,1,0,1,8,1,21.7,8,1,3.7,0,8,1,0,0,8,1,20.7,8,1,11.7,0,8,1,7.5,0,8,1,21.5,8,1,7.9,0,8,1,0,1,8,1,21.3,8,1,2.5,0,8,1,0,0,8,1,14.2,8,1,11.4,0,8,1,0,1,8,1
2017/6/12,17.9,8,1,7,0,8,1,0.5,0,8,1,18.2,8,1,4.3,0,8,1,1,0,8,1,20.5,8,1,9.4,0,8,1,3,0,8,1,19,8,1,3.5,0,8,1,0,1,8,1,20.5,8,1,5,0,8,1,0,0,8,1,19.4,8,1,12.8,0,8,1,0,0,8,1,20.6,8,1,10.6,0,8,1,0,0,8,1,20.1,8,1,3.2,0,8,1,0,0,8,1,13.9,8,1,10.5,0,8,1,0,1,8,1
2017/6/13,16.1,8,1,0,0,8,1,1,0,8,1,15.7,8,1,0,0,8,1,0.5,0,8,1,16.7,8,1,0,0,8,1,0.5,0,8,1,18.7,8,1,0,0,8,1,1.5,0,8,1,16.9,8,1,0,0,8,1,9.5,0,8,1,15.5,8,1,0,0,8,1,1,0,8,1,20.9,8,1,6.1,0,8,1,0,0,8,1,17.4,8,1,0.1,0,8,1,14.5,0,8,1,15.1,8,1,8.8,0,8,1,1,0,8,1
2017/6/14,17.9,8,1,4.6,0,8,1,1,0,8,1,19.1,8,1,5.1,0,8,1,0,0,8,1,20.5,8,1,7.7,0,8,1,0,0,8,1,18.8,8,1,2.4,0,8,1,3,0,8,1,19.3,8,1,3.6,0,8,1,3.5,0,8,1,20.4,8,1,7.5,0,8,1,0,0,8,1,21.3,8,1,10.4,0,8,1,0,1,8,1,19.4,8,1,6.5,0,8,1,6.5,0,8,1,17.1,8,1,9.6,0,8,1,0,1,8,1
2017/6/15,19.6,8,1,5.6,0,8,1,0,1,8,1,20.5,8,1,3.7,0,8,1,0.5,0,8,1,22.2,8,1,7.6,0,8,1,0,0,8,1,20.1,8,1,8,0,8,1,0,1,8,1,21.3,8,1,7.2,0,8,1,0,1,8,1,21.6,8,1,5.8,0,8,1,0,0,8,1,21.6,8,1,10,0,8,1,0,1,8,1,21.3,8,1,7.9,0,8,1,0,1,8,1,19.1,5,1,10.2,0,8,1,0,0,8,1
2017/6/16,20.8,8,1,7,0,8,1,0.5,0,8,1,20.3,8,1,6.2,0,8,1,18.5,0,8,1,23.2,8,1,8.5,0,8,1,0,0,8,1,22,8,1,12.9,0,8,1,0,1,8,1,22.4,8,1,9.7,0,8,1,0,0,8,1,22.6,8,1,10.4,0,8,1,0,0,8,1,24.6,8,1,11.9,0,8,1,0,1,8,1,22.9,8,1,13.1,0,8,1,0,1,8,1,17.4,8,1,11.8,0,8,1,0,1,8,1
2017/6/17,19.3,8,1,13.6,0,8,1,0,1,8,1,20.2,8,1,9.7,0,8,1,0,1,8,1,22,8,1,13.1,0,8,1,0,1,8,1,20.9,8,1,11,0,8,1,0,1,8,1,22.3,8,1,12.2,0,8,1,0,1,8,1,22.3,8,1,12.6,0,8,1,0,1,8,1,23.4,8,1,11.2,0,8,1,0,1,8,1,22.2,8,1,13.1,0,8,1,0,1,8,1,19.4,8,1,12.4,0,8,1,0,1,8,1
2017/6/18,19.1,8,1,0.4,0,8,1,0.5,0,8,1,19.8,8,1,0.2,0,8,1,0,0,8,1,21,8,1,0,0,8,1,0,0,8,1,19.5,8,1,0,0,8,1,47.5,0,8,1,19.5,8,1,0,0,8,1,11.5,0,8,1,21,8,1,0,0,8,1,0,1,8,1,20.8,8,1,0,0,8,1,0.5,0,8,1,19.8,8,1,0,0,8,1,30,0,8,1,19.6,8,1,0,0,8,1,0,1,8,1
2017/6/19,17.7,8,1,2,0,8,1,8,0,8,1,21.6,8,1,7.2,0,8,1,0,1,8,1,24.1,8,1,10.4,0,8,1,0,1,8,1,20.2,8,1,8.8,0,8,1,0.5,0,8,1,22.6,8,1,11,0,8,1,1,0,8,1,23.9,8,1,10.4,0,8,1,0,1,8,1,23,8,1,12.2,0,8,1,0,1,8,1,22.4,8,1,10.4,0,8,1,0.5,0,8,1,20.2,8,1,9.6,0,8,1,0,0,8,1
2017/6/20,20.1,8,1,12.1,0,8,1,0,1,8,1,22.3,8,1,11,0,8,1,0,1,8,1,23.6,8,1,11.5,0,8,1,0,1,8,1,21.3,8,1,9.2,0,8,1,0,1,8,1,22.7,8,1,11.2,0,8,1,0,1,8,1,23.5,8,1,11.3,0,8,1,0,1,8,1,24,8,1,10.9,0,8,1,0,1,8,1,22.5,8,1,8.7,0,8,1,0,1,8,1,23.6,8,1,11.4,0,8,1,0,1,8,1
2017/6/21,21.4,8,1,0,0,8,1,29.5,0,8,1,20.3,8,1,0,0,8,1,75,0,8,1,21.3,8,1,0,0,8,1,26.5,0,8,1,22.4,8,1,0,0,8,1,55.5,0,8,1,22.4,8,1,0,0,8,1,45.5,0,8,1,20.8,8,1,0,0,8,1,26.5,0,8,1,19.4,8,1,0.1,0,8,1,45,0,8,1,22.4,8,1,0,0,8,1,47,0,8,1,19.7,8,1,0,0,8,1,18,0,8,1
2017/6/22,23.2,8,1,5.6,0,8,1,0,1,8,1,22.9,8,1,6,0,8,1,0,1,8,1,24.3,8,1,4.7,0,8,1,0,1,8,1,23.1,8,1,5.2,0,8,1,0,1,8,1,24,8,1,4.6,0,8,1,0,1,8,1,24.1,8,1,6,0,8,1,0,0,8,1,22.5,8,1,2.3,0,8,1,0,1,8,1,24,8,1,3.4,0,8,1,0,1,8,1,20.6,8,1,7.7,0,8,1,0,1,8,1
2017/6/23,22.7,8,1,11.8,0,8,1,0,1,8,1,23.8,8,1,9.6,0,8,1,0,0,8,1,25.2,8,1,11.8,0,8,1,0,1,8,1,22.9,8,1,12.2,0,8,1,0,1,8,1,24.6,8,1,12.1,0,8,1,0,1,8,1,24.9,8,1,10.1,0,8,1,0,1,8,1,24.2,8,1,9.4,0,8,1,0,0,8,1,24.2,8,1,12.8,0,8,1,0,1,8,1,21.6,8,1,10.3,0,8,1,0,1,8,1
2017/6/24,23.4,8,1,8.5,0,8,1,0,1,8,1,24,8,1,4.6,0,8,1,0,1,8,1,25.3,8,1,4.5,0,8,1,0,1,8,1,23.8,8,1,5.4,0,8,1,0,0,8,1,24.6,8,1,7.2,0,8,1,0,0,8,1,24.7,8,1,4.2,0,8,1,0,1,8,1,23.9,8,1,8.1,0,8,1,0,0,8,1,24.3,8,1,8.4,0,8,1,0,1,8,1,23.3,8,1,8.1,0,8,1,0,1,8,1
2017/6/25,22.8,8,1,0.5,0,8,1,1.5,0,8,1,23.4,8,1,0.2,0,8,1,1.5,0,8,1,23.8,8,1,0.7,0,8,1,3,0,8,1,22.5,8,1,0,0,8,1,41,0,8,1,22.3,8,1,0,0,8,1,10,0,8,1,24.1,8,1,0.6,0,8,1,2.5,0,8,1,22.4,8,1,0.1,0,8,1,4.5,0,8,1,22.3,8,1,0,0,8,1,10,0,8,1,20.5,8,1,0,0,8,1,0.5,0,8,1
2017/6/26,22.4,8,1,5.3,0,8,1,0,0,8,1,23.5,8,1,4.8,0,8,1,0,0,8,1,25.1,8,1,6.5,0,8,1,0,0,8,1,21.9,8,1,0,0,8,1,0,0,8,1,23.1,8,1,2.1,0,8,1,0.5,0,8,1,25.5,8,1,8.2,0,8,1,0,1,8,1,24.4,8,1,4.6,0,8,1,0,0,8,1,23,8,1,1.2,0,8,1,0,0,8,1,20,8,1,9.3,0,8,1,0,1,8,1
2017/6/27,21.3,8,1,2.1,0,8,1,0,0,8,1,22.5,8,1,0.2,0,8,1,0,0,8,1,23.9,8,1,0.1,0,8,1,0,0,8,1,22.6,8,1,0.2,0,8,1,0,0,8,1,23.2,8,1,0,0,8,1,1,0,8,1,24.2,8,1,1.4,0,8,1,0,0,8,1,23.8,8,1,1.9,0,8,1,1,0,8,1,23.1,8,1,0.1,0,8,1,1,0,8,1,21.4,8,1,4.1,0,8,1,8.5,0,8,1
2017/6/28,20,8,1,0.3,0,8,1,4,0,8,1,22.2,8,1,0.5,0,8,1,3.5,0,8,1,22.8,8,1,0.2,0,8,1,3,0,8,1,21.8,8,1,0,0,8,1,3.5,0,8,1,22.4,8,1,0,0,8,1,3,0,8,1,23.6,8,1,2.1,0,8,1,2,0,8,1,22.9,8,1,0.2,0,8,1,5.5,0,8,1,22.7,8,1,0.9,0,8,1,1.5,0,8,1,21.8,8,1,4.6,0,8,1,0,0,8,1
2017/6/29,23.1,8,1,7.7,0,8,1,0,1,8,1,24.6,8,1,3.8,0,8,1,0,0,8,1,25.5,8,1,4.6,0,8,1,0,0,8,1,23.2,8,1,4.7,0,8,1,0,1,8,1,24.6,8,1,3.7,0,8,1,0,1,8,1,25.7,8,1,4.8,0,8,1,0,0,8,1,25,8,1,3.1,0,8,1,0,0,8,1,24.2,8,1,3,0,8,1,0,0,8,1,23.4,8,1,6.2,0,8,1,9,0,8,1
2017/6/30,24.6,8,1,0,0,8,1,0,0,8,1,24.3,8,1,0.8,0,8,1,0.5,0,8,1,24.4,8,1,0.1,0,8,1,2.5,0,8,1,23.3,8,1,0,0,8,1,2,0,8,1,23.8,8,1,0.1,0,8,1,2,0,8,1,24.6,8,1,0.7,0,8,1,5,0,8,1,23.2,8,1,0.6,0,8,1,2.5,0,8,1,23.7,8,1,0.1,0,8,1,1.5,0,8,1,23.2,8,1,0.9,0,8,1,3.5,0,8,1
2017/7/1,22.5,8,1,0,0,8,1,12.5,0,8,1,21.8,8,1,0,0,8,1,27.5,0,8,1,22.5,8,1,0.3,0,8,1,18.5,0,8,1,24.1,8,1,2.1,0,8,1,0,0,8,1,23.4,8,1,0.1,0,8,1,2,0,8,1,22.1,8,1,0,0,8,1,47,0,8,1,24.2,8,1,1.5,0,8,1,6.5,0,8,1,24.5,8,1,0,0,8,1,0,0,8,1,20.1,8,1,0,0,8,1,63,0,8,1
2017/7/2,25.7,8,1,4.8,0,8,1,2.5,0,8,1,25.4,8,1,3.2,0,8,1,0,0,8,1,27.5,8,1,4,0,8,1,0.5,0,8,1,24.7,8,1,7,0,8,1,0,0,8,1,25.7,8,1,3.1,0,8,1,1,0,8,1,26.9,8,1,2.3,0,8,1,0.5,0,8,1,25.8,8,1,2.1,0,8,1,2,0,8,1,26.2,8,1,4.1,0,8,1,1,0,8,1,22.9,8,1,1.4,0,8,1,10.5,0,8,1
2017/7/3,26.4,8,1,5.2,0,8,1,3,0,8,1,26.9,8,1,4.2,0,8,1,6.5,0,8,1,28.5,8,1,3,0,8,1,0,0,8,1,25.3,8,1,9.7,0,8,1,0,0,8,1,28.3,8,1,6.2,0,8,1,0,0,8,1,27.7,8,1,4,0,8,1,4,0,8,1,27.3,8,1,3.3,0,8,1,0,1,8,1,28.1,8,1,8,0,8,1,0,0,8,1,24.5,8,1,2.7,0,8,1,17,0,8,1
2017/7/4,24.6,8,1,0,0,8,1,35.5,0,8,1,24.7,8,1,0,0,8,1,12,0,8,1,26,8,1,0,0,8,1,46.5,0,8,1,25.2,8,1,5.3,0,8,1,14,0,8,1,26.8,8,1,0.1,0,8,1,15,0,8,1,24.6,8,1,0,0,8,1,23,0,8,1,24.6,8,1,0,0,8,1,59.5,0,8,1,27,8,1,0,0,8,1,39.5,0,8,1,22.1,8,1,0,0,8,1,42.5,0,8,1
2017/7/5,24.1,8,1,6.4,0,8,1,3,0,8,1,25.2,8,1,8.6,0,8,1,7,0,8,1,27.3,8,1,8.8,0,8,1,26.5,0,8,1,25.2,8,1,6.2,0,8,1,2,0,8,1,26.3,8,1,5,0,8,1,0.5,0,8,1,27.1,8,1,9.6,0,8,1,0,0,8,1,25.6,8,1,1.8,0,8,1,0,1,8,1,26.2,8,1,5.9,0,8,1,0,0,8,1,22.6,8,1,5.2,0,8,1,0.5,0,8,1
2017/7/6,23.8,8,1,4.9,0,8,1,0,0,8,1,24.6,8,1,4.7,0,8,1,26,0,8,1,26.3,8,1,7.1,0,8,1,31,0,8,1,25.4,8,1,12.2,0,8,1,0,1,8,1,26.2,8,1,6.8,0,8,1,0,0,8,1,26.2,8,1,7.3,0,8,1,0,0,8,1,26.5,8,1,10,0,8,1,0,0,8,1,26.3,8,1,9.4,0,8,1,0,0,8,1,22.7,8,1,9.9,0,8,1,0,1,8,1
2017/7/7,25.6,8,1,12.7,0,8,1,0,1,8,1,26.5,8,1,10.3,0,8,1,0,1,8,1,27.9,8,1,10,0,8,1,0,1,8,1,25.2,8,1,9.9,0,8,1,0,1,8,1,27,8,1,10.9,0,8,1,0,0,8,1,27.9,8,1,13,0,8,1,0,1,8,1,26.4,8,1,9.1,0,8,1,4.5,0,8,1,26.2,8,1,13.1,0,8,1,0,1,8,1,24.3,8,1,11.9,0,8,1,0,1,8,1
2017/7/8,26.6,8,1,13.3,0,8,1,0,1,8,1,28.3,8,1,12.9,0,8,1,0,1,8,1,29,8,1,12.6,0,8,1,0,1,8,1,25.4,8,1,13,0,8,1,0,0,8,1,27.9,8,1,12.6,0,8,1,0,1,8,1,29.3,8,1,12.7,0,8,1,0,1,8,1,27.5,8,1,9.3,0,8,1,0,1,8,1,27.1,8,1,13.1,0,8,1,0,1,8,1,25.5,8,1,10.8,0,8,1,0,1,8,1
2017/7/9,28.1,8,1,12.6,0,8,1,0,1,8,1,28.4,8,1,10.6,0,8,1,0,1,8,1,29.4,8,1,12.7,0,8,1,0,1,8,1,25.9,8,1,7.8,0,8,1,0,1,8,1,27.3,8,1,13.1,0,8,1,0,1,8,1,29.7,8,1,12.2,0,8,1,0,1,8,1,27.6,8,1,10.4,0,8,1,0,1,8,1,26.9,8,1,12.6,0,8,1,0,1,8,1,26.1,8,1,9.4,0,8,1,0.5,0,8,1
2017/7/10,27.7,8,1,10.6,0,8,1,0,1,8,1,27.7,8,1,12.8,0,8,1,0,1,8,1,28.9,8,1,11.1,0,8,1,0,1,8,1,26.4,8,1,10.1,0,8,1,0,0,8,1,27.4,8,1,13.5,0,8,1,0,1,8,1,28.9,8,1,13.2,0,8,1,0,1,8,1,28.1,8,1,10.8,0,8,1,0,1,8,1,26.9,8,1,11.3,0,8,1,0,1,8,1,27,8,1,11.2,0,8,1,0,0,8,1
2017/7/11,28.4,8,1,8.1,0,8,1,0,1,8,1,27.5,8,1,5.5,0,8,1,0,0,8,1,29.1,8,1,9.2,0,8,1,0,0,8,1,26.9,8,1,11.5,0,8,1,0,0,8,1,27.7,8,1,7.2,0,4,1,0,1,8,1,29.1,8,1,8.7,0,8,1,0,1,8,1,28,8,1,9.7,0,8,1,0,1,8,1,27.2,8,1,8.4,0,8,1,0,0,8,1,26.6,8,1,10.2,0,8,1,35,0,8,1
2017/7/12,27.7,8,1,4.2,0,8,1,0,0,8,1,26.7,8,1,3.2,0,8,1,2,0,8,1,28.7,8,1,8,0,8,1,2,0,8,1,26,8,1,5.5,0,8,1,0,0,8,1,28.9,8,1,10.3,0,8,1,0,1,8,1,27.8,8,1,5.3,0,8,1,43.5,0,8,1,28.9,8,1,7.3,0,8,1,0,1,8,1,27.9,8,1,12.6,0,8,1,0,1,8,1,25.9,8,1,4.4,0,8,1,3.5,0,8,1
2017/7/13,28.7,8,1,3.8,0,8,1,0,0,8,1,27,8,1,1.4,0,8,1,0.5,0,8,1,29.1,8,1,5,0,8,1,0,0,8,1,26.1,8,1,8.3,0,8,1,0,0,8,1,28.5,8,1,5.6,0,8,1,0,0,8,1,28.1,8,1,1,0,8,1,0,0,8,1,27.7,8,1,3.9,0,8,1,0,0,8,1,27.5,8,1,8.5,0,8,1,0,0,8,1,25.7,8,1,4,0,8,1,23.5,0,8,1
2017/7/14,28.5,8,1,7.7,0,8,1,0,1,8,1,27.8,8,1,2.1,0,8,1,0,0,8,1,28.5,8,1,3.2,0,8,1,3.5,0,8,1,26.3,8,1,12.5,0,8,1,0,0,8,1,28.2,8,1,12.1,0,8,1,0,1,8,1,28.1,8,1,4.6,0,8,1,22.5,0,8,1,26.9,8,1,4.3,0,8,1,8,0,8,1,27.7,8,1,13.3,0,8,1,0,1,8,1,26.3,8,1,9.2,0,8,1,0,0,8,1
2017/7/15,27.2,8,1,11.1,0,8,1,0,1,8,1,28,8,1,8.5,0,8,1,0,1,8,1,29.7,8,1,8.6,0,8,1,0,1,8,1,26.2,8,1,13,0,8,1,0,1,8,1,28.1,8,1,11.5,0,8,1,0,1,8,1,29.2,8,1,8.2,0,8,1,0,1,8,1,28.4,8,1,9.4,0,8,1,0,1,8,1,27.7,8,1,12.9,0,8,1,0,1,8,1,26.4,8,1,7.6,0,8,1,0,0,8,1
2017/7/16,28.7,8,1,6.5,0,8,1,0,0,8,1,28.9,8,1,3,0,8,1,0,0,8,1,28.9,8,1,4.2,0,8,1,5,0,8,1,25.6,8,1,5.5,0,8,1,0,0,8,1,28.9,8,1,6.6,0,8,1,0,1,8,1,28.9,8,1,2.4,0,8,1,0,0,8,1,29,8,1,4.6,0,8,1,0,1,8,1,29,8,1,6.7,0,8,1,0,1,8,1,24.7,8,1,0,0,8,1,2,0,8,1
2017/7/17,28.4,8,1,7,0,8,1,11.5,0,8,1,28.3,8,1,6.1,0,8,1,12.5,0,8,1,30.1,8,1,7.9,0,8,1,0,0,8,1,26.6,8,1,7,0,8,1,0,1,8,1,29.7,8,1,6.1,0,4,1,0,0,8,1,29.2,8,1,8.6,0,8,1,1.5,0,8,1,29.5,8,1,6.7,0,8,1,0,0,8,1,29.1,8,1,6.7,0,8,1,0,0,8,1,25.5,8,1,6.9,0,8,1,0.5,0,8,1
2017/7/18,24.1,8,1,3.4,0,8,1,4.5,0,8,1,24.2,8,1,2.3,0,8,1,3,0,8,1,27.1,8,1,7.8,0,8,1,1,0,8,1,25.4,8,1,5.3,0,8,1,0,0,8,1,26.3,8,1,3.5,0,8,1,10.5,0,8,1,26.9,8,1,8.9,0,8,1,0,0,8,1,28.6,8,1,6.8,0,8,1,0,1,8,1,26.6,8,1,3.6,0,8,1,12,0,8,1,25.1,8,1,7.1,0,8,1,0,0,8,1
2017/7/19,23.4,8,1,6.8,0,8,1,0,1,8,1,25,8,1,6.9,0,8,1,0,1,8,1,27,8,1,9.8,0,8,1,0,1,8,1,24.4,8,1,12.6,0,8,1,0,1,8,1,26.5,8,1,6.6,0,8,1,0,0,8,1,27.1,8,1,10.2,0,8,1,0,1,8,1,27.1,8,1,11.9,0,8,1,0,1,8,1,26.4,8,1,9.7,0,8,1,0,0,8,1,25.5,8,1,11.8,0,8,1,0,1,8,1
2017/7/20,26.9,8,1,7.7,0,8,1,0,1,8,1,27.4,8,1,6.7,0,8,1,0,0,8,1,28.5,8,1,9.6,0,8,1,0,0,8,1,26.9,8,1,10.5,0,8,1,0,0,8,1,28.2,8,1,7.7,0,8,1,0,1,8,1,28.3,8,1,7.4,0,8,1,0,1,8,1,27.9,8,1,12.5,0,8,1,0,1,8,1,27.7,8,1,5.6,0,8,1,0,0,8,1,28.4,8,1,11.4,0,8,1,0,1,8,1
2017/7/21,28.4,8,1,9.8,0,8,1,0,1,8,1,28.6,8,1,8,0,8,1,0,1,8,1,29.9,8,1,11.6,0,8,1,0,0,8,1,27.8,8,1,10.2,0,8,1,0,0,8,1,29.1,8,1,11.6,0,8,1,0,1,8,1,29.6,8,1,6.6,0,8,1,0,0,8,1,28.6,8,1,11.6,0,8,1,0,1,8,1,28.6,8,1,12.9,0,8,1,0,1,8,1,29.1,8,1,11.1,0,8,1,0,0,8,1
2017/7/22,28.7,8,1,4.5,0,8,1,0,1,8,1,27.3,8,1,2.6,0,8,1,0.5,0,8,1,29.8,8,1,7.9,0,8,1,0,1,8,1,27.4,8,1,10.4,0,8,1,0,1,8,1,28.7,8,1,9.7,0,8,1,0,1,8,1,28.7,8,1,6.5,0,8,1,5.5,0,8,1,28.3,8,1,7.3,0,8,1,1,0,8,1,28.3,8,1,10.2,0,8,1,0,1,8,1,27.8,8,1,6,0,8,1,0,0,8,1
2017/7/23,27,8,1,0.4,0,8,1,0,0,8,1,25.9,8,1,0,0,8,1,1,0,8,1,27.2,8,1,0,0,8,1,1,0,8,1,25.5,8,1,2.2,0,8,1,0,0,8,1,27.3,8,1,0,0,8,1,0,0,8,1,26,8,1,0,0,8,1,3.5,0,8,1,26.1,8,1,0,0,8,1,0,0,8,1,26.9,8,1,0.2,0,8,1,0,0,8,1,23.9,8,1,0,0,8,1,10.5,0,8,1
2017/7/24,27.6,8,1,0,0,8,1,0,0,8,1,26.7,8,1,0,0,8,1,0,0,8,1,28.5,8,1,1.8,0,8,1,0.5,0,8,1,24.8,8,1,1.2,0,8,1,0,1,8,1,29.1,8,1,2.3,0,8,1,0,0,8,1,27.4,8,1,1.7,0,8,1,1.5,0,8,1,28.5,8,1,5.1,0,8,1,0,0,8,1,28.2,8,1,4.6,0,8,1,0,1,8,1,24.9,8,1,1.2,0,8,1,5,0,8,1
2017/7/25,25.9,8,1,1.2,0,8,1,4.5,0,8,1,26.5,8,1,0,0,8,1,72,0,8,1,28.1,8,1,0.4,0,8,1,1.5,0,8,1,25,8,1,4.5,0,8,1,0,1,8,1,29.4,8,1,1.8,0,8,1,0,0,8,1,27.8,8,1,0.7,0,8,1,4.5,0,8,1,29,8,1,3.4,0,8,1,0,0,8,1,28.6,8,1,6.4,0,8,1,0,0,8,1,24.5,8,1,0,0,8,1,29.5,0,8,1
2017/7/26,23.1,8,1,0.4,0,8,1,27,0,8,1,25,8,1,0.1,0,8,1,3.5,0,8,1,24.9,8,1,0,0,8,1,17,0,8,1,24,8,1,0,0,8,1,3.5,0,8,1,24.6,8,1,0,0,8,1,35,0,8,1,24.6,8,1,0,0,8,1,89,0,8,1,27.6,8,1,3.5,0,8,1,3.5,0,8,1,24.7,8,1,0,0,8,1,8.5,0,8,1,24.7,8,1,4.3,0,8,1,30.5,0,8,1
2017/7/27,22.5,8,1,0,0,8,1,0,0,8,1,24.1,8,1,0,0,8,1,0,0,8,1,25.1,8,1,0,0,8,1,0,0,8,1,23.2,8,1,0.4,0,8,1,1.5,0,8,1,24.2,8,1,0,0,8,1,0.5,0,8,1,24.5,8,1,0,0,8,1,1.5,0,8,1,26.8,8,1,6.1,0,8,1,2,0,8,1,24.3,8,1,0,0,8,1,0.5,0,8,1,25.6,8,1,1.9,0,8,1,0,0,8,1
2017/7/28,25.1,8,1,8.3,0,8,1,0,0,8,1,26.1,8,1,2.6,0,8,1,0,0,8,1,27.6,8,1,2.2,0,8,1,0,1,8,1,25.8,8,1,8.5,0,8,1,0,1,8,1,26.8,8,1,3.5,0,8,1,0,0,8,1,27.4,8,1,1.9,0,8,1,0,1,8,1,28.5,8,1,4.5,0,8,1,0,0,8,1,26.9,8,1,8.5,0,8,1,0.5,0,8,1,26.1,8,1,0.9,0,8,1,0,0,8,1
2017/7/29,24.8,8,1,0,0,8,1,0,0,8,1,24.5,8,1,0,0,8,1,10.5,0,8,1,25.5,8,1,0.2,0,8,1,14,0,8,1,26.3,8,1,6,0,8,1,3,0,8,1,26.8,8,1,3.1,0,8,1,16,0,8,1,24.2,8,1,0,0,8,1,25.5,0,8,1,26.4,8,1,1.7,0,8,1,27,0,8,1,27.1,8,1,4.3,0,8,1,18.5,0,8,1,22.7,8,1,0,0,8,1,13.5,0,8,1
2017/7/30,25.1,8,1,2.9,0,8,1,0,0,8,1,24.8,8,1,0.7,0,8,1,4,0,8,1,25.4,8,1,0.3,0,8,1,12.5,0,8,1,26,8,1,6.3,0,8,1,0,1,8,1,25.6,8,1,0.1,0,8,1,0.5,0,8,1,24.6,8,1,0.3,0,8,1,4,0,8,1,26.5,8,1,1.4,0,8,1,3.5,0,8,1,26.1,8,1,1.2,0,8,1,0.5,0,8,1,24.3,8,1,0.2,0,8,1,2,0,8,1
2017/7/31,26.7,8,1,9.7,0,8,1,0,1,8,1,27.5,8,1,5.7,0,8,1,0,1,8,1,28.7,8,1,7.5,0,8,1,0,0,8,1,26.6,8,1,12.1,0,8,1,0,1,8,1,28,8,1,8.4,0,8,1,0,1,8,1,28.3,8,1,9.5,0,8,1,0,0,8,1,28.8,8,1,9.1,0,8,1,0.5,0,8,1,28,8,1,10.8,0,8,1,0,1,8,1,26.4,8,1,10.7,0,8,1,0,1,8,1
2017/8/1,23.7,8,1,0,0,8,1,2.5,0,8,1,24.9,8,1,0,0,8,1,28,0,8,1,26.1,8,1,0,0,8,1,24,0,8,1,25.9,8,1,4,0,8,1,20.5,0,8,1,26.3,8,1,0,0,8,1,6.5,0,8,1,26.4,8,1,0,0,8,1,2,0,8,1,27.4,8,1,0.7,0,8,1,1,0,8,1,26.5,8,1,1,0,8,1,17.5,0,8,1,24.2,8,1,0.7,0,8,1,0,0,8,1
2017/8/2,22.3,8,1,3.2,0,8,1,0,1,8,1,22,8,1,0,0,8,1,2.5,0,8,1,22.9,8,1,0,0,8,1,1.5,0,8,1,22.8,8,1,0,0,8,1,3.5,0,8,1,22.9,8,1,0.5,0,8,1,0.5,0,8,1,22.1,8,1,0,0,8,1,5,0,8,1,25.8,8,1,1.4,0,8,1,0,0,8,1,23.1,8,1,0,0,8,1,2,0,8,1,24.4,8,1,4.1,0,8,1,0,1,8,1
2017/8/3,23,8,1,6.3,0,8,1,0,1,8,1,23.1,8,1,0,0,8,1,0,0,8,1,24.7,8,1,2.7,0,8,1,0,1,8,1,23.6,8,1,0.9,0,8,1,1,0,8,1,24.3,8,1,0.7,0,8,1,0,0,8,1,23.7,8,1,1.4,0,8,1,0.5,0,8,1,26.1,8,1,3,0,8,1,0,0,8,1,24.4,8,1,2.5,0,8,1,0,0,8,1,25.8,8,1,8.6,0,8,1,0,1,8,1
2017/8/4,24,8,1,0.4,0,8,1,0.5,0,8,1,24.5,8,1,0,0,8,1,0,0,8,1,25.6,8,1,0.5,0,8,1,0,0,8,1,25,8,1,0.2,0,8,1,9.5,0,8,1,25.6,8,1,0.6,0,8,1,0,0,8,1,25.3,8,1,5.1,0,8,1,0.5,0,8,1,27.6,8,1,5.3,0,8,1,0,1,8,1,25.4,8,1,0.5,0,8,1,1.5,0,8,1,27.3,8,1,8.1,0,8,1,0,1,8,1
2017/8/5,26.2,8,1,3.6,0,8,1,0,0,8,1,26.6,8,1,2,0,8,1,0,1,8,1,28.1,8,1,3.4,0,8,1,0,0,8,1,27.5,8,1,6.2,0,8,1,0.5,0,8,1,27.8,8,1,2.9,0,8,1,0.5,0,8,1,28.4,8,1,6.7,0,8,1,0,1,8,1,28.7,8,1,6.9,0,8,1,0,0,8,1,27.7,8,1,6.8,0,8,1,0,1,8,1,28.8,8,1,10.3,0,8,1,0,1,8,1
2017/8/6,26.8,8,1,3,0,8,1,0,0,8,1,27.2,8,1,0.4,0,8,1,0,0,8,1,28.7,8,1,3.1,0,8,1,0.5,0,8,1,27.7,8,1,10,0,8,1,0,1,8,1,29,8,1,6.1,0,8,1,0,0,8,1,28.4,8,1,3.5,0,8,1,1,0,8,1,29,8,1,7,0,8,1,6.5,0,8,1,29.1,8,1,9.5,0,8,1,0,1,8,1,27.6,8,1,5.6,0,8,1,32,0,8,1
2017/8/7,27.9,8,1,5.4,0,8,1,1,0,8,1,28.2,8,1,3.3,0,8,1,5.5,0,8,1,29.1,8,1,3.4,0,8,1,11.5,0,8,1,28.9,8,1,8.4,0,8,1,1.5,0,8,1,28.7,8,1,5,0,8,1,9,0,8,1,28.7,8,1,2.8,0,8,1,2.5,0,8,1,27,8,1,3.9,0,8,1,6.5,0,8,1,28.6,8,1,4.8,0,8,1,2.5,0,8,1,27.6,8,1,7.1,0,8,1,0.5,0,8,1
2017/8/8,27.1,8,1,0.9,0,8,1,7.5,0,8,1,26.8,8,1,0.2,0,8,1,4,0,8,1,28.7,8,1,1.3,0,8,1,2,0,8,1,28.2,8,1,7,0,8,1,0,0,8,1,29.3,8,1,3.3,0,8,1,0,0,8,1,28.1,8,1,1,0,8,1,26,0,8,1,26.8,8,1,1,0,8,1,6,0,8,1,29.5,8,1,5.1,0,8,1,0,0,8,1,26.7,8,1,1.3,0,8,1,17,0,8,1
2017/8/9,26.8,8,1,11.2,0,8,1,1,0,8,1,28.1,8,1,5,0,8,1,5,0,8,1,30.5,8,1,10.3,0,8,1,0,1,8,1,28,8,1,11.2,0,8,1,3.5,0,8,1,30,8,1,8.5,0,8,1,0,0,8,1,30.2,8,1,11.3,0,8,1,0,1,8,1,30,8,1,10.6,0,8,1,0,1,8,1,29.9,8,1,9.8,0,8,1,0,0,8,1,25,8,1,5.8,0,8,1,2.5,0,8,1
2017/8/10,23,8,1,0,0,8,1,0.5,0,8,1,24.1,8,1,0,0,8,1,0.5,0,8,1,25.1,8,1,0,0,8,1,5.5,0,8,1,25.1,8,1,2.4,0,8,1,0,0,8,1,25.7,8,1,0,0,8,1,2.5,0,8,1,25.7,8,1,2.8,0,8,1,3,0,8,1,29,8,1,6.3,0,8,1,0,0,8,1,25.8,8,1,1.4,0,8,1,3.5,0,8,1,25.7,8,1,6.9,0,8,1,0.5,0,8,1
2017/8/11,22.3,8,1,0.1,0,8,1,0,0,8,1,22.2,8,1,0,0,8,1,3,0,8,1,23,8,1,0,0,8,1,15.5,0,8,1,23.3,8,1,0,0,8,1,0.5,0,8,1,22.9,8,1,0,0,8,1,10.5,0,8,1,22.7,8,1,0,0,8,1,12,0,8,1,27.4,8,1,3.3,0,8,1,2.5,0,8,1,23,8,1,0,0,8,1,7,0,8,1,25.8,8,1,5.4,0,8,1,92.5,0,8,1
2017/8/12,23.4,8,1,3.9,0,8,1,5,0,8,1,24.8,8,1,2.7,0,8,1,6,0,8,1,25.2,8,1,4.1,0,8,1,3.5,0,8,1,23.8,8,1,1.1,0,8,1,0,0,8,1,24.1,8,1,1.5,0,8,1,9.5,0,8,1,25.4,8,1,3.8,0,8,1,0.5,0,8,1,27.1,8,1,5.2,0,8,1,0.5,0,8,1,24.4,8,1,3.1,0,8,1,7,0,8,1,24.6,8,1,2,0,8,1,0.5,0,8,1
2017/8/13,24.8,8,1,9.8,0,8,1,1,0,8,1,25.7,8,1,4.1,0,8,1,20,0,8,1,27.1,8,1,3.3,0,8,1,0,0,8,1,25.7,8,1,7.6,0,8,1,0,1,8,1,26.9,8,1,3.5,0,8,1,0,0,8,1,27.2,8,1,5.1,0,8,1,0,0,8,1,26.8,8,1,2.3,0,8,1,1.5,0,8,1,26.6,8,1,4.7,0,8,1,0,0,8,1,24.8,8,1,6.1,0,8,1,0,1,8,1
2017/8/14,23.8,8,1,0.7,0,8,1,1.5,0,8,1,23.8,8,1,0,0,8,1,6.5,0,8,1,24.5,8,1,0,0,8,1,28,0,8,1,25.5,8,1,4.2,0,8,1,0.5,0,8,1,24.4,8,1,0,0,8,1,9.5,0,8,1,24.8,8,1,0.6,0,8,1,15,0,8,1,26.6,8,1,1.8,0,8,1,1,0,8,1,24.6,8,1,0,0,8,1,15.5,0,8,1,24.3,8,1,3.7,0,8,1,0,1,8,1
2017/8/15,22.5,8,1,0,0,8,1,10,0,8,1,22.2,8,1,0,0,8,1,53,0,8,1,22.5,8,1,0,0,8,1,54,0,8,1,24.9,8,1,0.1,0,8,1,2,0,8,1,23.7,8,1,0,0,8,1,43.5,0,8,1,22.8,8,1,0,0,8,1,19.5,0,8,1,24.3,8,1,0,0,8,1,11.5,0,8,1,23.9,8,1,0,0,8,1,32.5,0,8,1,23.6,8,1,0.1,0,8,1,0,0,8,1
2017/8/16,22.2,8,1,0,0,8,1,6,0,8,1,21.5,8,1,0,0,8,1,5.5,0,8,1,21.5,8,1,0,0,8,1,19,0,8,1,23.5,8,1,0,0,8,1,12,0,8,1,21.9,8,1,0,0,8,1,18.5,0,8,1,21.7,8,1,0,0,8,1,20,0,8,1,23.9,8,1,0.3,0,8,1,8,0,8,1,22,8,1,0,0,8,1,18,0,8,1,24.6,8,1,0.1,0,8,1,0,1,8,1
2017/8/17,24.2,8,1,4.5,0,8,1,0,0,8,1,23.9,8,1,0.2,0,8,1,0.5,0,8,1,24.8,8,1,1.4,0,8,1,0,0,8,1,25,8,1,1.9,0,8,1,0,1,8,1,24.2,8,1,0.2,0,8,1,3.5,0,8,1,24.1,8,1,1.2,0,8,1,1.5,0,8,1,26.8,8,1,7.3,0,8,1,0,0,8,1,24.5,8,1,0,0,8,1,0.5,0,8,1,25.6,8,1,6.1,0,8,1,22,0,8,1
2017/8/18,25.1,8,1,0.8,0,8,1,0,0,8,1,24.4,8,1,0,0,8,1,1,0,8,1,25.1,8,1,0.3,0,8,1,0.5,0,8,1,26.7,8,1,9.9,0,8,1,0,1,8,1,26.5,8,1,0.8,0,8,1,0,0,8,1,24.3,8,1,0.4,0,8,1,0.5,0,8,1,25.8,8,1,1.3,0,8,1,2,0,8,1,26.7,8,1,3.2,0,8,1,0,0,8,1,23.7,8,1,0.4,0,8,1,8.5,0,8,1
2017/8/19,23.2,8,1,0,0,8,1,70,0,8,1,24.1,8,1,1.1,0,8,1,42.5,0,8,1,25.6,8,1,3.4,0,8,1,5.5,0,8,1,26.8,8,1,5.5,0,8,1,0,0,8,1,26,8,1,2.2,0,8,1,17,0,8,1,25.7,8,1,5.1,0,8,1,35,0,8,1,27.3,8,1,6.6,0,8,1,51.5,0,8,1,27,8,1,4.9,0,8,1,31,0,8,1,24.8,8,1,5.4,0,8,1,0,0,8,1
2017/8/20,24,8,1,2.8,0,8,1,0,0,8,1,24.1,8,1,0.9,0,8,1,0.5,0,8,1,25.2,8,1,0.7,0,8,1,3,0,8,1,25.7,8,1,1.8,0,8,1,0,0,8,1,25.3,8,1,0.6,0,8,1,0,0,8,1,24.9,8,1,0.7,0,8,1,14,0,8,1,25.8,8,1,2.6,0,8,1,0,0,8,1,25.2,8,1,,,1,1,5,0,8,1,24.7,8,1,2.4,0,8,1,0,0,8,1
2017/8/21,25.1,8,1,1.3,0,8,1,0,0,8,1,25.2,8,1,0.9,0,8,1,4,0,8,1,26.3,8,1,3.2,0,8,1,1.5,0,8,1,26.7,8,1,10.5,0,8,1,0.5,0,8,1,27,8,1,3.7,0,8,1,0.5,0,8,1,25.6,8,1,1.5,0,8,1,43,0,8,1,27.5,8,1,7.6,0,8,1,0,0,8,1,27,8,1,3.1,0,4,1,0,0,8,1,25.9,8,1,9.2,0,8,1,20.5,0,8,1
2017/8/22,27,8,1,4.4,0,8,1,4.5,0,8,1,26.2,8,1,1.8,0,8,1,12.5,0,8,1,27.9,8,1,4.5,0,8,1,0,0,8,1,27.2,8,1,6,0,8,1,0,1,8,1,27.8,8,1,2.6,0,8,1,0,1,8,1,26.6,8,1,4.5,0,8,1,0,0,8,1,27.8,8,1,3.3,0,8,1,0,0,8,1,28,8,1,3.2,0,8,1,0,1,8,1,24.7,8,1,1.8,0,8,1,1.5,0,8,1
2017/8/23,27.5,8,1,5.9,0,8,1,0,1,8,1,27.3,5,1,3.7,0,8,1,0,0,8,1,29.1,8,1,4,0,8,1,0,0,8,1,28.1,8,1,11,0,8,1,0,1,8,1,29.4,8,1,5.6,0,8,1,0,1,8,1,27.8,8,1,4.7,0,8,1,0,0,8,1,29.3,8,1,7.5,0,8,1,0,0,8,1,30,8,1,10.6,0,8,1,0,1,8,1,24.4,8,1,2.2,0,8,1,1.5,0,8,1
2017/8/24,29.2,8,1,7.3,0,8,1,0,1,8,1,28.8,8,1,7.9,0,8,1,0,0,8,1,29.8,8,1,6.7,0,8,1,0,0,8,1,28.2,8,1,7.4,0,8,1,0,0,8,1,29.9,8,1,7.6,0,8,1,0,0,8,1,29.6,8,1,6.7,0,8,1,0,0,8,1,29.3,8,1,7.9,0,8,1,0,0,8,1,29.9,8,1,8.2,0,8,1,0,0,8,1,25.9,8,1,6.4,0,8,1,4.5,0,8,1
2017/8/25,28.3,8,1,4.2,0,8,1,0,0,8,1,27.5,8,1,0.8,0,8,1,0,0,8,1,28.8,8,1,1.8,0,8,1,0,0,8,1,27.9,8,1,10.6,0,8,1,0,1,8,1,30.4,8,1,3.7,0,8,1,0,0,8,1,27.4,8,1,0.2,0,8,1,0,0,8,1,28,8,1,1.8,0,8,1,0,0,8,1,30.6,8,1,6.7,0,8,1,0,1,8,1,23.6,8,1,0.3,0,8,1,15,0,8,1
2017/8/26,26.7,8,1,4.6,0,8,1,0,0,8,1,27.8,8,1,4.6,0,8,1,0,0,8,1,28.5,8,1,4.6,0,8,1,0,0,8,1,27.6,8,1,5.8,0,8,1,0,1,8,1,28.9,8,1,2.7,0,8,1,0,0,8,1,27.2,8,1,5.1,0,8,1,1,0,8,1,28.8,8,1,4.3,0,8,1,0,0,8,1,29.4,8,1,4.8,0,8,1,0,0,8,1,23.8,8,1,7,0,8,1,1.5,0,8,1
2017/8/27,24.2,8,1,7.2,0,8,1,0,0,8,1,24.8,8,1,4.1,0,8,1,0,1,8,1,26.4,8,1,5.3,0,8,1,0,0,8,1,25.6,8,1,0.9,0,8,1,2,0,8,1,26.6,8,1,4.8,0,8,1,0,1,8,1,25.4,8,1,2.4,0,8,1,0,0,8,1,27.1,8,1,7.6,0,8,1,0,1,8,1,27,8,1,4.8,0,8,1,0,1,8,1,23.2,8,1,8.6,0,8,1,0,1,8,1
2017/8/28,23.8,8,1,4,0,8,1,0,1,8,1,24.7,8,1,4.1,0,8,1,0,1,8,1,26,8,1,7,0,8,1,0,1,8,1,26.6,8,1,6.7,0,8,1,0,1,8,1,26.4,8,1,6.7,0,8,1,0,1,8,1,25.6,8,1,5.5,0,8,1,0,0,8,1,26.5,8,1,8.2,0,8,1,0,1,8,1,26.7,8,1,8.1,0,8,1,0,1,8,1,24.9,8,1,5.7,0,8,1,0,1,8,1
2017/8/29,28.1,8,1,3.9,0,8,1,0,0,8,1,27.7,8,1,4.2,0,8,1,0,0,8,1,28.8,8,1,6.3,0,8,1,0,1,8,1,27.5,8,1,7.2,0,8,1,1.5,0,8,1,28.7,8,1,5.3,0,8,1,0,0,8,1,27.9,8,1,7.3,0,8,1,0,1,8,1,28.3,8,1,7.5,0,8,1,0,1,8,1,28.3,8,1,6.4,0,8,1,0,0,8,1,25.4,8,1,6.3,0,8,1,0,1,8,1
2017/8/30,24.5,8,1,0.6,0,8,1,0,0,8,1,24.7,8,1,0.2,0,8,1,9,0,8,1,26.8,8,1,1.3,0,8,1,4,0,8,1,27.8,8,1,10.6,0,8,1,0,0,8,1,27.7,8,1,4.6,0,8,1,2,0,8,1,26.1,8,1,3.5,0,8,1,4.5,0,8,1,28.6,8,1,7.1,0,8,1,0,0,8,1,28.4,8,1,5.8,0,8,1,0,0,8,1,21.4,8,1,2,0,8,1,4,0,8,1
2017/8/31,20.1,8,1,0,0,8,1,12.5,0,8,1,21.7,8,1,1.8,0,8,1,0.5,0,8,1,22.8,8,1,0.2,0,8,1,0,0,8,1,21.5,8,1,0,0,8,1,22.5,0,8,1,21.6,8,1,0,0,8,1,8,0,8,1,21.4,8,1,0,0,8,1,4,0,8,1,26.7,8,1,6.9,0,8,1,0,0,8,1,22.3,8,1,0.2,0,8,1,4.5,0,8,1,20.3,8,1,1,0,8,1,0,0,8,1
2017/9/1,20.7,8,1,3.2,0,8,1,1,0,8,1,22.4,8,1,6.8,0,8,1,1,0,8,1,22.6,8,1,7.5,0,8,1,2.5,0,8,1,19.4,8,1,0,0,8,1,11.5,0,8,1,21.8,8,1,2.3,0,8,1,9.5,0,8,1,22.6,8,1,8.2,0,8,1,2,0,8,1,24.5,8,1,5.5,0,8,1,6.5,0,8,1,21.9,8,1,2.3,0,8,1,10,0,8,1,20.7,8,1,8.3,0,8,1,0,0,8,1
2017/9/2,19.4,8,1,2.9,0,8,1,1,0,8,1,19,8,1,4.3,0,8,1,15,0,8,1,20.2,8,1,5.2,0,8,1,33.5,0,8,1,19.8,8,1,3.7,0,8,1,1.5,0,8,1,20,8,1,4.9,0,8,1,14.5,0,8,1,20.6,8,1,7.2,0,8,1,5,0,8,1,21.9,8,1,7.6,0,8,1,18,0,8,1,20.4,8,1,5.9,0,8,1,14,0,8,1,19.9,8,1,4.4,0,8,1,0,1,8,1
2017/9/3,21.2,8,1,9.3,0,8,1,0,1,8,1,21.5,8,1,8.1,0,8,1,0,1,8,1,23.6,8,1,10.5,0,8,1,0,1,8,1,21.6,8,1,2.7,0,8,1,0,1,8,1,22.2,8,1,8.6,0,8,1,0,1,8,1,23.3,8,1,10.4,0,8,1,0,1,8,1,22.8,8,1,8.3,0,8,1,0,1,8,1,22.5,8,1,6.9,0,8,1,0,1,8,1,18.8,8,1,4.2,0,8,1,0,1,8,1
2017/9/4,20.3,8,1,0,0,8,1,0,0,8,1,21,8,1,0.6,0,8,1,0,1,8,1,21.7,8,1,0.3,0,8,1,0,0,8,1,22.1,8,1,0,0,8,1,16.5,0,8,1,20.6,8,1,0,0,8,1,8,0,8,1,21.5,8,1,2,0,8,1,0,1,8,1,22.9,8,1,4.2,0,8,1,0,1,8,1,21,8,1,0,0,8,1,4.5,0,8,1,18.7,8,1,3.6,0,8,1,0,1,8,1
2017/9/5,21.8,8,1,4.3,0,8,1,0,0,8,1,22.6,8,1,4.7,0,8,1,0,0,8,1,23.9,8,1,7.7,0,8,1,0.5,0,8,1,23.1,8,1,3.9,0,8,1,0,0,8,1,23,8,1,2.3,0,8,1,0.5,0,8,1,23.5,8,1,8.3,0,8,1,0.5,0,8,1,24.3,8,1,5.9,0,8,1,0,0,8,1,23.4,8,1,5.2,0,8,1,0,0,8,1,22,8,1,7.7,0,8,1,0,0,8,1
2017/9/6,20.8,8,1,0,0,8,1,6,0,8,1,21.1,8,1,0,0,8,1,5,0,8,1,21.7,8,1,0,0,8,1,3.5,0,8,1,22.7,8,1,0,0,8,1,12.5,0,8,1,21.6,8,1,0,0,8,1,9.5,0,8,1,22,8,1,0,0,8,1,3,0,8,1,21.6,8,1,0.1,0,8,1,13,0,8,1,22.2,8,1,0,0,8,1,5,0,8,1,21.1,8,1,0,0,8,1,5.5,0,8,1
2017/9/7,21.5,8,1,1.1,0,8,1,2,0,8,1,22.1,8,1,0,0,8,1,0.5,0,8,1,22.2,8,1,0.4,0,8,1,1.5,0,8,1,24.2,8,1,0.2,0,8,1,1,0,8,1,22.1,8,1,0.1,0,8,1,3,0,8,1,22.3,8,1,0,0,8,1,0.5,0,8,1,22.9,8,1,0.2,0,8,1,0.5,0,8,1,23.2,8,1,0,0,8,1,0,0,8,1,21.8,8,1,0.5,0,8,1,14.5,0,8,1
2017/9/8,21.5,8,1,3.2,0,8,1,0,0,8,1,23.6,8,1,4.3,0,8,1,3,0,8,1,24.7,8,1,9.1,0,8,1,0,0,8,1,22.8,8,1,2.9,0,8,1,1,0,8,1,23.8,8,1,5.1,0,8,1,0,0,8,1,24.9,8,1,10.2,0,8,1,2,0,8,1,26,8,1,7.9,0,8,1,1,0,8,1,23.7,8,1,3,0,8,1,0.5,0,8,1,20.9,8,1,5.2,0,8,1,2.5,0,8,1
2017/9/9,22.2,8,1,11.2,0,8,1,0,1,8,1,23.7,8,1,10.1,0,8,1,0,1,8,1,24.3,8,1,10.5,0,8,1,0,1,8,1,22.9,8,1,10.5,0,8,1,0,1,8,1,24.5,8,1,8.7,0,8,1,0,0,8,1,23.9,8,1,11.5,0,8,1,0,1,8,1,24.5,8,1,10.3,0,8,1,0,1,8,1,24.7,8,1,8.8,0,8,1,0,0,8,1,21.1,8,1,11.3,0,8,1,0,1,8,1
2017/9/10,23.6,8,1,10.2,0,8,1,0,1,8,1,24.7,8,1,8.7,0,8,1,0,1,8,1,25.5,8,1,10.6,0,8,1,0,1,8,1,24.2,8,1,11.3,0,8,1,0,1,8,1,25.3,8,1,7.8,0,8,1,0,0,8,1,25.2,8,1,10.2,0,8,1,0,1,8,1,25,8,1,9.8,0,8,1,0,1,8,1,25.6,8,1,7.3,0,8,1,0,0,8,1,21.8,8,1,10.8,0,8,1,0,1,8,1
2017/9/11,24.5,8,1,5.4,0,8,1,2,0,8,1,23.9,8,1,1.8,0,8,1,7.5,0,8,1,25.5,8,1,1.5,0,8,1,1.5,0,8,1,25.4,8,1,8.7,0,8,1,0,0,8,1,25.8,8,1,5.8,0,8,1,3,0,8,1,24.5,8,1,0.5,0,8,1,0.5,0,8,1,24.7,8,1,2.7,0,8,1,0,0,8,1,25.9,8,1,6.2,0,8,1,5,0,8,1,22.8,8,1,2.2,0,8,1,1,0,8,1
2017/9/12,25.1,8,1,0.4,0,8,1,14,0,8,1,23.8,8,1,1.3,0,8,1,6.5,0,8,1,24.6,8,1,1.7,0,8,1,4,0,8,1,25.7,8,1,0.1,0,8,1,3,0,8,1,24.8,8,1,0.3,0,8,1,4.5,0,8,1,24.6,8,1,1.4,0,8,1,0.5,0,8,1,23.2,8,1,1.1,0,8,1,1,0,8,1,25.6,8,1,0,0,8,1,26.5,0,8,1,21.8,8,1,0.2,0,8,1,4.5,0,8,1
2017/9/13,23.9,8,1,10.8,0,8,1,0.5,0,8,1,24.7,8,1,10,0,8,1,0,0,8,1,26.2,8,1,10.4,0,8,1,0,0,8,1,25.5,8,1,7,0,8,1,0,1,8,1,26.2,8,1,7.1,0,8,1,0,0,8,1,26.6,8,1,7.9,0,8,1,0,1,8,1,25.3,8,1,9.2,0,8,1,0,1,8,1,26.3,8,1,9.2,0,8,1,0,1,8,1,21.8,8,1,7.7,0,8,1,0,0,8,1
2017/9/14,23.3,8,1,7.7,0,8,1,0,0,8,1,23.8,8,1,6.9,0,8,1,0,0,8,1,25.8,8,1,10.6,0,8,1,0,0,8,1,24.5,8,1,3.8,0,8,1,0,1,8,1,25.7,8,1,6.5,0,8,1,0,0,8,1,24.6,8,1,11.1,0,8,1,0,1,8,1,24.5,8,1,9.8,0,8,1,0,1,8,1,25.8,8,1,8.4,0,8,1,0,0,8,1,18.9,8,1,6.6,0,8,1,0,0,8,1
2017/9/15,22,8,1,8.4,0,8,1,0,0,8,1,22.2,8,1,7.8,0,8,1,0,0,8,1,23.9,8,1,8.3,0,8,1,0,0,8,1,22.6,8,1,4,0,8,1,0,1,8,1,23.9,8,1,6.9,0,8,1,0,0,8,1,22.4,8,1,8.8,0,8,1,0,1,8,1,22.6,8,1,7.5,0,8,1,0,1,8,1,23.6,8,1,3.6,0,8,1,0,0,8,1,16.9,8,1,6.6,0,8,1,0,1,8,1
2017/9/16,19.4,8,1,0.1,0,8,1,0,0,8,1,19.2,8,1,0,0,8,1,0,0,8,1,19.9,8,1,0,0,8,1,5.5,0,8,1,21.5,8,1,0.4,0,8,1,8,0,8,1,20.5,8,1,0,0,8,1,8,0,8,1,19,8,1,0,0,8,1,2,0,8,1,18.4,8,1,0,0,8,1,16.5,0,8,1,20.9,8,1,0,0,8,1,20,0,8,1,17.1,8,1,0,0,8,1,0,0,8,1
2017/9/17,21,8,1,0,0,8,1,28.5,0,8,1,18.4,8,1,0,0,8,1,24,0,8,1,18.6,8,1,0,0,8,1,44.5,0,8,1,23,8,1,0,0,8,1,87.5,0,8,1,19,8,1,0,0,8,1,52,0,8,1,18,8,1,0,0,8,1,31,0,8,1,18.2,8,1,0,0,8,1,24.5,0,8,1,19,8,1,0,0,8,1,52,0,8,1,19.7,8,1,0,0,8,1,4.5,0,8,1
2017/9/18,27.1,8,1,10.3,0,8,1,4,0,8,1,26.2,8,1,10.2,0,8,1,6,0,8,1,27,8,1,9.8,0,8,1,3.5,0,8,1,25.8,8,1,10.7,0,8,1,12.5,0,8,1,27,8,1,9.3,0,8,1,16,0,8,1,25.6,8,1,9,0,8,1,1,0,8,1,26.8,8,1,10.4,0,8,1,7.5,0,8,1,27.1,8,1,10.9,0,8,1,22.5,0,8,1,21.6,8,1,7.3,0,8,1,3,0,8,1
2017/9/19,22.3,8,1,6.3,0,8,1,0,1,8,1,23.3,8,1,7.9,0,8,1,0,1,8,1,24.2,8,1,7.6,0,8,1,0,1,8,1,24.4,8,1,8.8,0,8,1,0,1,8,1,24.6,8,1,6.3,0,8,1,0,1,8,1,23.1,8,1,7.4,0,8,1,0,0,8,1,23.7,8,1,9,0,8,1,0,1,8,1,25.2,8,1,8.2,0,8,1,0,1,8,1,20,8,1,9.3,0,8,1,0,1,8,1
2017/9/20,21.8,8,1,1,0,8,1,0,0,8,1,21.9,8,1,0,0,8,1,0,1,8,1,22.2,8,1,0,0,8,1,0,1,8,1,24.3,8,1,0.3,0,8,1,0,1,8,1,23.3,8,1,0,0,8,1,0,0,8,1,22.4,8,1,1.2,0,8,1,0,1,8,1,21.4,8,1,1,0,8,1,0,1,8,1,24,8,1,0,0,8,1,0,1,8,1,19.1,8,1,1.2,0,8,1,0,0,8,1
2017/9/21,22.1,8,1,9.4,0,8,1,0,1,8,1,22.6,8,1,10.9,0,8,1,0,1,8,1,23.9,8,1,10.6,0,8,1,0,1,8,1,23.5,8,1,10.2,0,8,1,0,1,8,1,24.2,8,1,10.4,0,8,1,0,1,8,1,22.6,8,1,11.4,0,8,1,0,1,8,1,22.2,8,1,10.5,0,8,1,0,1,8,1,24.6,8,1,10,0,8,1,0,1,8,1,18.4,8,1,9.7,0,8,1,0,1,8,1
2017/9/22,20.8,8,1,1.1,0,8,1,1.5,0,8,1,20.3,8,1,0.3,0,8,1,10.5,0,8,1,20.7,8,1,0.3,0,8,1,16.5,0,8,1,24.4,8,1,3.2,0,8,1,5.5,0,8,1,21.9,8,1,1.4,0,8,1,20.5,0,8,1,20.3,8,1,0.1,0,8,1,7.5,0,8,1,20.7,8,1,2.9,0,8,1,2.5,0,8,1,22.2,8,1,2.4,0,8,1,52,0,8,1,19.3,8,1,3.8,0,8,1,0,0,8,1
2017/9/23,19.9,8,1,3.8,0,8,1,14,0,8,1,20.4,8,1,2.9,0,8,1,11,0,8,1,20.7,8,1,0.9,0,8,1,25.5,0,8,1,20.1,8,1,0.9,0,8,1,31.5,0,8,1,20.1,8,1,1.3,0,8,1,12.5,0,8,1,20.7,8,1,2.4,0,8,1,15.5,0,8,1,21.1,8,1,2.9,0,8,1,9,0,8,1,20.2,8,1,0.1,0,8,1,27,0,8,1,20.5,8,1,4.2,0,8,1,1.5,0,8,1
2017/9/24,21.1,8,1,8.8,0,8,1,0,1,8,1,21.8,8,1,8.6,0,8,1,0,1,8,1,22.7,8,1,7.1,0,8,1,0,1,8,1,21.2,8,1,2.9,0,8,1,0,1,8,1,21.9,8,1,4,0,8,1,0,1,8,1,22.8,8,1,9.6,0,8,1,0,1,8,1,22.9,8,1,5.6,0,8,1,0,0,8,1,22.2,8,1,1.6,0,8,1,0,0,8,1,20.4,8,1,8.7,0,8,1,0,1,8,1
2017/9/25,21.1,8,1,7.8,0,8,1,0.5,0,8,1,21.8,8,1,6.1,0,8,1,1.5,0,8,1,23.7,8,1,5.7,0,8,1,0,0,8,1,23.1,8,1,9.1,0,8,1,0,1,8,1,23.7,8,1,5.9,0,8,1,0,0,8,1,23.8,8,1,8.9,0,8,1,0,0,8,1,23,8,1,9.5,0,8,1,0,1,8,1,24,8,1,10.6,0,8,1,0,1,8,1,20.2,8,1,8.9,0,8,1,0,1,8,1
2017/9/26,20.7,8,1,10.2,0,8,1,0,1,8,1,22.1,8,1,9.6,0,8,1,0,0,8,1,23.5,8,1,8.7,0,8,1,0,1,8,1,23.9,8,1,8.4,0,8,1,0,0,8,1,23.8,8,1,7.7,0,8,1,0,1,8,1,23.3,8,1,9.3,0,8,1,0,0,8,1,22.6,8,1,10.5,0,8,1,0,1,8,1,24,8,1,8.9,0,8,1,0,1,8,1,20.4,8,1,10.9,0,8,1,0,1,8,1
2017/9/27,22.6,8,1,3.1,0,8,1,0,0,8,1,22,8,1,2.2,0,8,1,1,0,8,1,23.3,8,1,3,0,8,1,0.5,0,8,1,24.9,8,1,5.2,0,8,1,0.5,0,8,1,23.7,8,1,0.5,0,8,1,2.5,0,8,1,22.9,8,1,1.2,0,8,1,2,0,8,1,22.1,8,1,2.5,0,8,1,4.5,0,8,1,23.9,8,1,0.7,0,8,1,8.5,0,8,1,20.7,8,1,4.4,0,8,1,3,0,8,1
2017/9/28,19.4,8,1,0.5,0,8,1,51,0,8,1,18.8,8,1,0.1,0,8,1,19.5,0,8,1,20.2,8,1,0.4,0,8,1,18.5,0,8,1,22.7,8,1,1.1,0,8,1,39,0,8,1,19.2,8,1,0.1,0,8,1,45.5,0,8,1,19.6,8,1,1.3,0,8,1,11,0,8,1,18.8,8,1,0.2,0,8,1,8,0,8,1,19.9,8,1,0.2,0,8,1,75,0,8,1,14.7,8,1,0,0,8,1,31,0,8,1
2017/9/29,17.8,8,1,10.6,0,8,1,0,1,8,1,18.3,8,1,9.4,0,8,1,0,1,8,1,19.6,8,1,11.3,0,8,1,0,1,8,1,19.7,8,1,10.1,0,8,1,0,1,8,1,19.9,8,1,8.3,0,8,1,0,0,8,1,18.6,8,1,10.5,0,8,1,0,1,8,1,19.3,8,1,10.8,0,8,1,0,1,8,1,20.8,8,1,8.8,0,8,1,0,0,8,1,15.1,8,1,10.3,0,8,1,0,1,8,1
2017/9/30,18.4,8,1,6.7,0,8,1,0,1,8,1,18.9,8,1,5.3,0,8,1,0,1,8,1,19.6,8,1,5.8,0,8,1,0,1,8,1,20.9,8,1,2.1,0,8,1,0,0,8,1,20.1,8,1,2.8,0,8,1,0,1,8,1,19.4,8,1,7.6,0,8,1,0,1,8,1,18.9,8,1,5.8,0,8,1,0,1,8,1,20.9,8,1,1.7,0,8,1,0,0,8,1,16.3,8,1,9.1,0,8,1,0,1,8,1
2017/10/1,18.7,8,1,9.4,0,8,1,0,1,8,1,19.4,8,1,8.8,0,8,1,0,0,8,1,19.9,8,1,8.5,0,8,1,0,1,8,1,22.5,8,1,8.5,0,8,1,0,1,8,1,20.9,8,1,7.7,0,8,1,0,1,8,1,19.5,8,1,8.5,0,8,1,0,1,8,1,18.9,8,1,7.4,0,8,1,0,0,8,1,21.2,8,1,7,0,8,1,0,0,8,1,17,8,1,7.8,0,8,1,0,1,8,1
2017/10/2,21.2,8,1,0.6,0,8,1,0.5,0,8,1,20.6,8,1,0.3,0,8,1,1.5,0,8,1,20.6,8,1,0.2,0,8,1,2,0,8,1,24.8,8,1,1.7,0,8,1,0,0,8,1,22.3,8,1,0,0,8,1,3.5,0,8,1,19.9,8,1,0,0,8,1,2.5,0,8,1,19.9,8,1,0,0,8,1,1.5,0,8,1,23,8,1,0.6,0,8,1,1.5,0,8,1,18.2,8,1,0,0,8,1,2,0,8,1
2017/10/3,21.5,8,1,2.6,0,8,1,0,0,8,1,21.6,8,1,3.9,0,8,1,0,0,8,1,22.7,8,1,6.4,0,8,1,0,0,8,1,23.3,8,1,3.9,0,8,1,11.5,0,8,1,22.1,8,1,2.9,0,8,1,0.5,0,8,1,22.1,8,1,7.5,0,8,1,0,0,8,1,21.5,8,1,6.7,0,8,1,0,0,8,1,21.9,8,1,3,0,8,1,3,0,8,1,17.5,8,1,0.6,0,8,1,0,0,8,1
2017/10/4,16.8,8,1,2,0,8,1,0,1,8,1,16.8,8,1,2.3,0,8,1,0,1,8,1,18.7,8,1,4.2,0,8,1,0,1,8,1,18.1,8,1,0.2,0,8,1,0,0,8,1,18.3,8,1,0.4,0,8,1,0,0,8,1,17.2,8,1,3.9,0,8,1,0,1,8,1,17.8,8,1,0.8,0,8,1,0,1,8,1,18.5,8,1,1.3,0,8,1,0,0,8,1,12.9,8,1,3.4,0,8,1,0,1,8,1
2017/10/5,14.4,8,1,5.8,0,8,1,0,1,8,1,14.8,8,1,6,0,8,1,0,1,8,1,15.8,8,1,6.2,0,8,1,0,1,8,1,16.6,8,1,0.2,0,8,1,0,1,8,1,16.9,8,1,4.5,0,8,1,0,1,8,1,14.6,8,1,7.1,0,8,1,0,1,8,1,15.1,8,1,4.2,0,8,1,0,1,8,1,17.3,8,1,2.6,0,8,1,0,1,8,1,13.3,8,1,7.4,0,8,1,0,1,8,1
2017/10/6,14.7,8,1,0,0,8,1,5.5,0,8,1,15.1,8,1,0,0,8,1,11.5,0,8,1,14.9,8,1,0,0,8,1,13.5,0,8,1,17.6,8,1,0.4,0,8,1,39.5,0,8,1,15.7,8,1,0,0,8,1,28,0,8,1,14.3,8,1,0,0,8,1,20.5,0,8,1,14.5,8,1,0,0,8,1,36,0,8,1,16.2,8,1,0,0,8,1,29.5,0,8,1,14.3,8,1,0,0,8,1,13.5,0,8,1
2017/10/7,19.2,8,1,2.9,0,8,1,22.5,0,8,1,19.1,8,1,2.7,0,8,1,16,0,8,1,18.9,8,1,4.4,0,8,1,11,0,8,1,20.8,8,1,3.8,0,8,1,63.5,0,8,1,18,8,1,1.8,0,8,1,33.5,0,8,1,18.6,8,1,1,0,8,1,12.5,0,8,1,19,8,1,4,0,8,1,13,0,8,1,18.9,8,1,1.7,0,8,1,39,0,8,1,18.2,8,1,0,0,8,1,2.5,0,8,1
2017/10/8,18.7,8,1,5.4,0,8,1,0,1,8,1,20.3,8,1,8.4,0,8,1,0,1,8,1,20.9,8,1,7.9,0,8,1,0,1,8,1,20.6,8,1,7.1,0,8,1,0,1,8,1,20.9,8,1,4,0,8,1,0,1,8,1,21.3,8,1,9.9,0,8,1,0,0,8,1,22.2,8,1,7.5,0,8,1,0,1,8,1,21,8,1,8.1,0,8,1,0,1,8,1,20.2,8,1,9.4,0,8,1,0,1,8,1
2017/10/9,18.8,8,1,7.6,0,8,1,0,1,8,1,21.4,8,1,6.4,0,8,1,0,0,8,1,22.1,8,1,9.9,0,8,1,0,1,8,1,20.2,8,1,10,0,8,1,0,0,8,1,21,8,1,10.6,0,8,1,0,0,8,1,22.4,8,1,8.3,0,8,1,0,1,8,1,22,8,1,8.1,0,8,1,0,1,8,1,21.5,8,1,10.5,0,8,1,0,1,8,1,20.7,8,1,9.7,0,8,1,0,1,8,1
2017/10/10,21.2,8,1,9,0,8,1,0,1,8,1,22.7,8,1,6.8,0,8,1,0,1,8,1,23.7,8,1,10.5,0,8,1,0,1,8,1,23.1,8,1,10.4,0,8,1,0,0,8,1,22.8,8,1,10.4,0,8,1,0,1,8,1,23.6,8,1,8.2,0,8,1,0,1,8,1,22.9,8,1,9.9,0,8,1,0,1,8,1,23.2,8,1,10.4,0,8,1,0,1,8,1,21.1,8,1,7.4,0,8,1,0,0,8,1
2017/10/11,19,8,1,0.1,0,8,1,0,0,8,1,20.7,8,1,0,0,8,1,0,1,8,1,21.3,8,1,2.1,0,8,1,0,0,8,1,23.3,8,1,7.6,0,8,1,0,0,8,1,21.2,8,1,0.9,0,8,1,0,0,8,1,21.7,8,1,2.3,0,8,1,0,1,8,1,23,8,1,8.5,0,8,1,0,1,8,1,22.1,8,1,4.1,0,8,1,0,1,8,1,21.4,8,1,6.6,0,8,1,0,1,8,1
2017/10/12,20.7,8,1,5.1,0,8,1,0,0,8,1,20.3,8,1,3.3,0,8,1,1,0,8,1,22.3,8,1,6.9,0,8,1,0,0,8,1,24.9,8,1,10.1,0,8,1,0,1,8,1,23.1,8,1,5.9,0,8,1,0.5,0,8,1,21.4,8,1,6.3,0,8,1,1.5,0,8,1,23,8,1,6.8,0,8,1,0,0,8,1,23.8,8,1,7.5,0,8,1,0,1,8,1,16,8,1,0,0,8,1,3,0,8,1
2017/10/13,14.7,8,1,0,0,8,1,14.5,0,8,1,14,8,1,0,0,8,1,20.5,0,8,1,14.9,8,1,0,0,8,1,19,0,8,1,17.7,8,1,0,0,8,1,0,0,8,1,15.9,8,1,0,0,8,1,4.5,0,8,1,14.6,8,1,0,0,8,1,26.5,0,8,1,17,8,1,0,0,8,1,12.5,0,8,1,16.6,8,1,0,0,8,1,13,0,8,1,13,8,1,0.4,0,8,1,14,0,8,1
2017/10/14,14.6,8,1,0,0,8,1,6,0,8,1,14.5,8,1,0,0,8,1,1,0,8,1,15.5,8,1,0,0,8,1,1.5,0,8,1,15.5,8,1,0,0,8,1,13.5,0,8,1,14.6,8,1,0,0,8,1,19,0,8,1,15.1,8,1,0,0,8,1,1,0,8,1,17.1,8,1,0.3,0,8,1,8,0,8,1,15.1,8,1,0,0,8,1,13,0,8,1,14.8,8,1,0.1,0,8,1,0,0,8,1
2017/10/15,14.2,8,1,0,0,8,1,12.5,0,8,1,13.9,8,1,0,0,8,1,10,0,8,1,15,8,1,0,0,8,1,11.5,0,8,1,15.8,8,1,0,0,8,1,16.5,0,8,1,15,8,1,0,0,8,1,13.5,0,8,1,14.6,8,1,0,0,8,1,9,0,8,1,16.3,8,1,0,0,8,1,12,0,8,1,15.5,8,1,0,0,8,1,13.5,0,8,1,12.7,8,1,0,0,8,1,8,0,8,1
2017/10/16,12.7,8,1,0,0,8,1,8.5,0,8,1,11.4,8,1,0,0,8,1,15,0,8,1,12.6,8,1,0,0,8,1,28.5,0,8,1,14.4,8,1,0,0,8,1,17.5,0,8,1,12.7,8,1,0,0,8,1,32,0,8,1,12.4,8,1,0,0,8,1,36,0,8,1,13.5,8,1,0,0,8,1,26,0,8,1,13.2,8,1,0,0,8,1,25,0,8,1,10.7,8,1,0,0,8,1,18.5,0,8,1
2017/10/17,12.9,8,1,1.4,0,8,1,4,0,8,1,12.3,8,1,1.5,0,8,1,6.5,0,8,1,13.4,8,1,0,0,8,1,8.5,0,8,1,14.3,8,1,0,0,8,1,16,0,8,1,13.3,8,1,0,0,8,1,7.5,0,8,1,13.2,8,1,2.1,0,8,1,6.5,0,8,1,14,8,1,0,0,8,1,13.5,0,8,1,13.8,8,1,0.3,0,8,1,11,0,8,1,12.7,8,1,2.2,0,8,1,1,0,8,1
2017/10/18,12.7,8,1,7.5,0,8,1,0,0,8,1,12.8,8,1,6.1,0,8,1,0,0,8,1,14,8,1,6.6,0,8,1,0,0,8,1,15.6,8,1,7,0,8,1,0,1,8,1,14.5,8,1,7.8,0,8,1,0,0,8,1,14,8,1,7,0,8,1,0,0,8,1,14.9,8,1,7.5,0,8,1,0,0,8,1,15.1,8,1,7.2,0,8,1,0,0,8,1,12.2,8,1,5.4,0,8,1,0,0,8,1
2017/10/19,11.1,8,1,0,0,8,1,26.5,0,8,1,10.6,8,1,0,0,8,1,17.5,0,8,1,11.1,8,1,0,0,8,1,27,0,8,1,12.7,8,1,0,0,8,1,66,0,8,1,11,8,1,0,0,8,1,42,0,8,1,11,8,1,0,0,8,1,19,0,8,1,11.7,8,1,0,0,8,1,24,0,8,1,11.3,8,1,0,0,8,1,45,0,8,1,10.7,8,1,0.1,0,8,1,14.5,0,8,1
2017/10/20,14.2,8,1,0,0,8,1,20,0,8,1,14.3,8,1,0.3,0,8,1,14.5,0,8,1,14.2,8,1,0,0,8,1,16,0,8,1,15.4,8,1,2.3,0,8,1,1.5,0,8,1,14.3,8,1,0,0,8,1,15.5,0,8,1,13.9,8,1,0,0,8,1,6,0,8,1,15.2,8,1,0.3,0,8,1,5,0,8,1,14.6,8,1,0,0,8,1,8.5,0,8,1,14.1,8,1,0.1,0,8,1,0,0,8,1
2017/10/21,17.3,8,1,0,0,8,1,10,0,8,1,16.2,8,1,0,0,8,1,13.5,0,8,1,16.5,8,1,0,0,8,1,28.5,0,8,1,18.4,8,1,0,0,8,1,7,0,8,1,16.4,8,1,0,0,8,1,21.5,0,8,1,16.2,8,1,0,0,8,1,15.5,0,8,1,16.6,8,1,0,0,8,1,7.5,0,8,1,16.6,8,1,0,0,8,1,15,0,8,1,16.7,8,1,0,0,8,1,0,0,8,1
2017/10/22,17.9,8,1,0,0,8,1,78.5,0,8,1,17.2,8,1,0,0,8,1,65.5,0,8,1,17.2,8,1,0,0,8,1,118,0,8,1,19.3,8,1,0,0,8,1,202.5,0,8,1,17.4,8,1,0,0,8,1,147.5,0,8,1,16.8,8,1,0,0,8,1,91,0,8,1,16.4,8,1,0,0,8,1,104,0,8,1,17.5,8,1,0,0,8,1,153,0,8,1,15.3,8,1,0,0,8,1,60.5,0,8,1
2017/10/23,17.7,8,1,4.4,0,8,1,35,0,8,1,16.4,8,1,4.3,0,8,1,95.5,0,8,1,17.3,8,1,5,0,8,1,138.5,0,8,1,20.3,8,1,4.9,0,8,1,2.5,0,8,1,19,8,1,5.5,0,8,1,40,0,8,1,16.7,8,1,4.7,0,8,1,81,0,8,1,17.5,8,1,7,0,8,1,55.5,0,8,1,19.7,8,1,5.9,0,8,1,32,0,8,1,11.9,8,1,1.8,0,8,1,41,0,8,1
2017/10/24,12.9,8,1,1.9,0,8,1,0,1,8,1,12.5,8,1,0.4,0,8,1,0,1,8,1,13.9,8,1,0.3,0,8,1,0,0,8,1,15.6,8,1,0.3,0,8,1,0,1,8,1,15.1,8,1,1.6,0,8,1,0,0,8,1,12.9,8,1,0.5,0,8,1,0,1,8,1,13.2,8,1,0.6,0,8,1,0,0,8,1,15.8,8,1,0.7,0,8,1,0,0,8,1,11,8,1,3.4,0,8,1,0,1,8,1
2017/10/25,13,8,1,0.1,0,8,1,1,0,8,1,12.1,8,1,0,0,8,1,1,0,8,1,12.9,8,1,0,0,8,1,2.5,0,8,1,13.7,8,1,0,0,5,1,13,0,8,1,12.8,8,1,0,0,8,1,9.5,0,8,1,13,8,1,0,0,8,1,0.5,0,8,1,11.7,8,1,0,0,8,1,9.5,0,8,1,13.3,8,1,0,0,8,1,13,0,8,1,9.9,8,1,0,0,8,1,18,0,8,1
2017/10/26,12.7,8,1,10.4,0,8,1,0,1,8,1,12.7,8,1,10.5,0,8,1,0,1,8,1,13.8,8,1,10.3,0,8,1,0,1,8,1,15.1,8,1,9.8,0,8,1,0,1,8,1,14.4,8,1,9.9,0,8,1,0,1,8,1,14.1,8,1,10.2,0,8,1,0,1,8,1,11.9,8,1,7.6,0,8,1,0,1,8,1,15.4,8,1,10.4,0,8,1,0,1,8,1,10.7,8,1,6.1,0,8,1,0,1,8,1
2017/10/27,13,8,1,9.5,0,8,1,0,1,8,1,13.4,8,1,9.3,0,8,1,0,1,8,1,13.8,8,1,9.7,0,8,1,0,1,8,1,16.4,8,1,10.1,0,8,1,0,1,8,1,15.1,8,1,9.8,0,8,1,0,1,8,1,13.9,8,1,9.6,0,8,1,0,1,8,1,13.1,8,1,10.1,0,8,1,0,1,8,1,15.6,8,1,10.4,0,8,1,0,1,8,1,12.1,8,1,7.9,0,8,1,0,1,8,1
2017/10/28,13.2,8,1,0,0,8,1,8,0,8,1,13.1,8,1,0,0,8,1,8,0,8,1,13.6,8,1,0,0,8,1,15,0,8,1,16.4,8,1,0,0,8,1,8,0,8,1,14.4,8,1,0,0,8,1,7.5,0,8,1,13.2,8,1,0,0,8,1,12.5,0,8,1,12.6,8,1,0,0,8,1,12.5,0,8,1,14.7,8,1,0,0,8,1,4.5,0,8,1,13.8,8,1,0,0,8,1,4,0,8,1
2017/10/29,14.5,8,1,0,0,8,1,79.5,0,8,1,14.2,8,1,0,0,8,1,45,0,8,1,14.7,8,1,0,0,8,1,61,0,8,1,16,8,1,0,0,8,1,101.5,0,8,1,14.5,8,1,0,0,8,1,105.5,0,8,1,14.5,8,1,0,0,8,1,39.5,0,8,1,13.2,8,1,0,0,8,1,78.5,0,8,1,14.7,8,1,0,0,8,1,124.5,0,8,1,12.5,8,1,0,0,8,1,47,0,8,1
2017/10/30,13.9,8,1,10.3,0,8,1,0,1,8,1,12.6,8,1,10,0,8,1,0,1,8,1,14.1,8,1,10.1,0,8,1,0,1,8,1,16,8,1,3.7,0,8,1,0,1,8,1,15.3,8,1,9.9,0,8,1,0,1,8,1,13.6,8,1,7.7,0,8,1,0,0,8,1,14.4,8,1,10,0,8,1,0,1,8,1,15.9,8,1,9.7,0,8,1,0,1,8,1,9.2,8,1,3.4,0,8,1,1.5,0,8,1
2017/10/31,10.5,8,1,10.3,0,8,1,0,1,8,1,10.3,8,1,10.4,0,8,1,0,1,8,1,12.8,8,1,9.9,0,8,1,0,1,8,1,13.9,8,1,5.3,0,8,1,0,1,8,1,12.7,8,1,1.1,0,8,1,0,1,8,1,11.9,8,1,9.9,0,8,1,0,1,8,1,10.1,8,1,8.4,0,8,1,0,1,8,1,13.7,8,1,3.2,0,8,1,0,1,8,1,8.4,8,1,9.4,0,8,1,0,1,8,1
2017/11/1,12,8,1,2.9,0,8,1,0,1,8,1,11.3,8,1,2,0,8,1,0,1,8,1,11.5,8,1,5.3,0,8,1,0,1,8,1,17.7,8,1,6.1,0,8,1,0,0,8,1,13.1,8,1,6.3,0,8,1,0,1,8,1,11.8,8,1,7.2,0,8,1,0,1,8,1,12.6,8,1,9.1,0,8,1,0,1,8,1,14.6,8,1,9.2,0,8,1,0,1,8,1,9.2,8,1,7.8,0,8,1,0,1,8,1
2017/11/2,13.5,8,1,9.8,0,8,1,0,0,8,1,13.6,8,1,9.3,0,8,1,0,1,8,1,13.7,8,1,9.8,0,8,1,0,1,8,1,17,8,1,7.6,0,8,1,16.5,0,8,1,15.3,8,1,8.8,0,8,1,0,0,8,1,14.2,8,1,9.2,0,8,1,0,1,8,1,13.8,8,1,9.2,0,8,1,0,1,8,1,16,8,1,8.9,0,8,1,2,0,8,1,11.1,8,1,8.1,0,8,1,0,1,8,1
2017/11/3,15.3,8,1,7.9,0,8,1,2,0,8,1,16,8,1,9.2,0,8,1,0,1,8,1,16.4,8,1,8.9,0,8,1,0,1,8,1,17.1,8,1,6.8,0,8,1,18.5,0,8,1,16.2,8,1,8.5,0,8,1,5.5,0,8,1,15.9,8,1,9.3,0,8,1,0,1,8,1,14.1,8,1,9.2,0,8,1,0,1,8,1,17,8,1,7.8,0,8,1,5,0,8,1,11.9,8,1,9.1,0,8,1,0,1,8,1
2017/11/4,13.8,8,1,3,0,8,1,8,0,8,1,13.7,8,1,2.3,0,8,1,3,0,8,1,15.3,8,1,5.2,0,8,1,0,0,8,1,18.1,8,1,5.2,0,8,1,0,0,8,1,16.1,8,1,5.1,0,8,1,0.5,0,8,1,14.1,8,1,4.2,0,8,1,0,0,8,1,14,8,1,7.6,0,8,1,0,1,8,1,16.6,8,1,4.6,0,8,1,0,0,8,1,8.7,8,1,0,0,8,1,1.5,0,8,1
2017/11/5,10.1,8,1,8.7,0,8,1,0,1,8,1,10,8,1,9.6,0,8,1,0,1,8,1,12.4,8,1,10.1,0,8,1,0,1,8,1,12.9,8,1,6.8,0,8,1,0,1,8,1,13.3,8,1,9.4,0,8,1,0,1,8,1,11.8,8,1,9.6,0,8,1,0,1,8,1,11.1,8,1,9.8,0,8,1,0,1,8,1,14.2,8,1,7.5,0,8,1,0,1,8,1,7.3,8,1,6.9,0,8,1,0,1,8,1
2017/11/6,11.7,8,1,9.3,0,8,1,0,1,8,1,11.1,8,1,9.9,0,8,1,0,1,8,1,11.5,8,1,10,0,8,1,0,1,8,1,18.6,8,1,0.7,0,8,1,0,1,8,1,13.6,8,1,9.3,0,8,1,0,1,8,1,11.6,8,1,9.7,0,8,1,0,1,8,1,12.1,8,1,8.8,0,8,1,0,1,8,1,15.1,8,1,9.2,0,8,1,0,1,8,1,9.2,8,1,9.6,0,8,1,0,1,8,1
2017/11/7,13.8,8,1,9.8,0,8,1,0,1,8,1,13,8,1,9.9,0,8,1,0,1,8,1,13.4,8,1,9.7,0,8,1,0,1,8,1,21.2,8,1,6.3,0,8,1,0,1,8,1,15.5,8,1,9.3,0,8,1,0,1,8,1,13.6,8,1,9.4,0,8,1,0,1,8,1,12.7,8,1,9.6,0,8,1,0,1,8,1,16.8,8,1,9.4,0,8,1,0,1,8,1,10.2,8,1,9.5,0,8,1,0,1,8,1
2017/11/8,13.7,8,1,0,0,8,1,0,0,8,1,13.3,8,1,0,0,8,1,0,1,8,1,12.7,8,1,0,0,8,1,0,0,8,1,20.3,8,1,0,0,8,1,0.5,0,8,1,14.6,8,1,0,0,8,1,0,0,8,1,13.5,8,1,0,0,8,1,0,1,8,1,12.6,8,1,0,0,8,1,0,0,8,1,17.8,8,1,0,0,8,1,1.5,0,8,1,10.1,8,1,1,0,8,1,0,0,8,1
2017/11/9,12.9,8,1,9.9,0,8,1,0,1,8,1,12.2,8,1,10.1,0,8,1,0,1,8,1,13.9,8,1,10.1,0,8,1,0,1,8,1,16.5,8,1,9.5,0,8,1,0,1,8,1,14.4,8,1,9.5,0,8,1,0,1,8,1,13.3,8,1,9.4,0,8,1,0,0,8,1,12.5,8,1,9.6,0,8,1,0,1,8,1,15.2,8,1,9.5,0,8,1,0,1,8,1,8.6,8,1,4,0,8,1,0,0,8,1
2017/11/10,9.6,8,1,5.5,0,8,1,0,1,8,1,9.5,8,1,4,0,8,1,0,1,8,1,10.4,8,1,8.5,0,8,1,0,1,8,1,16.7,8,1,7.3,0,8,1,30.5,0,8,1,12.9,8,1,4.8,0,8,1,0,1,8,1,10,8,1,9.5,0,8,1,0,1,8,1,10.7,8,1,8.9,0,8,1,0,1,8,1,15,8,1,6.7,0,8,1,0,1,8,1,10,8,1,9.4,0,8,1,0,1,8,1
2017/11/11,11.5,8,1,5.2,0,8,1,0,0,8,1,11,8,1,7.2,0,8,1,0,0,8,1,12.3,8,1,8.5,0,8,1,0,1,8,1,18.3,8,1,4.6,0,8,1,20.5,0,8,1,16.4,8,1,2.9,0,8,1,0,1,8,1,11.7,8,1,6.2,0,8,1,0,0,8,1,12.4,8,1,8.3,0,8,1,1.5,0,8,1,17.2,8,1,3.3,0,8,1,0.5,0,8,1,9.8,8,1,3.2,0,8,1,1.5,0,8,1
2017/11/12,9.8,8,1,9.9,0,8,1,0,1,8,1,8.7,8,1,10,0,8,1,0,1,8,1,11.2,8,1,9.8,0,8,1,0,1,8,1,12.3,8,1,6.5,0,8,1,0,1,8,1,12,8,1,8.3,0,8,1,0,1,8,1,10.2,8,1,9.4,0,8,1,0,1,8,1,9.8,8,1,8.3,0,8,1,0,1,8,1,13,8,1,7.8,0,8,1,0,1,8,1,5.5,8,1,3.8,0,8,1,0,0,8,1
2017/11/13,9.9,8,1,5.8,0,8,1,1,0,8,1,10.1,8,1,6.9,0,8,1,0,0,8,1,10.1,8,1,8.2,0,8,1,0,0,8,1,15.7,8,1,6.1,0,8,1,8,0,8,1,11.8,8,1,4.7,0,8,1,7,0,8,1,9.7,8,1,8.2,0,8,1,0,1,8,1,10.7,8,1,9.5,0,8,1,0,1,8,1,12.4,8,1,6.5,0,8,1,4,0,8,1,8.4,8,1,8.6,0,8,1,0,1,8,1
2017/11/14,12.9,8,1,0,0,8,1,1.5,0,8,1,12.3,8,1,0.7,0,8,1,0.5,0,8,1,10.7,8,1,0.7,0,8,1,0,0,8,1,16.3,8,1,0,0,8,1,89.5,0,8,1,11.9,8,1,0,0,8,1,4,0,8,1,10.9,8,1,0.6,0,8,1,0,0,8,1,9.9,8,1,2.1,0,8,1,0.5,0,8,1,12.8,8,1,0,0,8,1,5,0,8,1,8.8,8,1,2,0,8,1,0,0,8,1
2017/11/15,11.5,8,1,1.8,0,8,1,0,0,8,1,11,8,1,3.8,0,8,1,1.5,0,8,1,11.7,8,1,3.7,0,8,1,0,1,8,1,14.2,8,1,2.2,0,8,1,0,1,8,1,12.8,8,1,3.2,0,8,1,0,1,8,1,12.6,8,1,8.5,0,8,1,0,0,8,1,10.8,8,1,6.1,0,8,1,0,1,8,1,13.7,8,1,4.1,0,8,1,0,1,8,1,9.2,8,1,6.1,0,8,1,1,0,8,1
2017/11/16,8.3,8,1,8.6,0,8,1,0,1,8,1,7.9,8,1,8.2,0,8,1,0,1,8,1,10.1,8,1,9.9,0,8,1,0,1,8,1,12.1,8,1,4.9,0,8,1,0,1,8,1,11.6,8,1,8.7,0,8,1,0,1,8,1,9.5,8,1,6.2,0,8,1,0,1,8,1,8.9,8,1,8.7,0,8,1,0,1,8,1,12.5,8,1,6.7,0,8,1,0,1,8,1,4.5,8,1,2.8,0,8,1,0.5,0,8,1
2017/11/17,6.6,8,1,9.2,0,8,1,0,1,8,1,6.5,8,1,9.6,0,8,1,0,1,8,1,7.4,8,1,9.3,0,8,1,0,1,8,1,11.4,8,1,6.9,0,8,1,0,0,8,1,9.9,8,1,7.9,0,8,1,0,1,8,1,7.4,8,1,9.2,0,8,1,0,1,8,1,7.7,8,1,8.4,0,8,1,0,1,8,1,10.9,8,1,7.6,0,8,1,0,1,8,1,4.6,8,1,6.2,0,8,1,0,1,8,1
2017/11/18,8.5,8,1,0,0,8,1,0,0,8,1,7.7,8,1,0,0,8,1,0,0,8,1,8.2,8,1,0,0,8,1,0,1,8,1,13,8,1,0,0,8,1,18,0,8,1,10.7,8,1,0,0,8,1,0.5,0,8,1,9.1,8,1,0,0,8,1,0,1,8,1,7.2,8,1,0,0,8,1,0,0,8,1,11.7,8,1,0,0,8,1,0.5,0,8,1,6.1,8,1,0,0,8,1,1,0,8,1
2017/11/19,7.7,8,1,8.9,0,8,1,0,0,8,1,6.2,8,1,8.4,0,8,1,0,1,8,1,8.3,8,1,8.9,0,8,1,0,1,8,1,8.9,8,1,4.6,0,8,1,0,0,8,1,8.6,8,1,5.4,0,8,1,0,1,8,1,7.1,8,1,7.1,0,8,1,0,1,8,1,8.1,8,1,9,0,8,1,0,1,8,1,9.5,8,1,5,0,8,1,0,1,8,1,2.2,8,1,3.1,0,8,1,0,0,8,1
2017/11/20,4.4,8,1,0.1,0,8,1,0,0,8,1,3.6,8,1,0.9,0,8,1,0,1,8,1,4.5,8,1,2.1,0,8,1,0,1,8,1,9,8,1,1,0,8,1,0,1,8,1,6.4,8,1,1.9,0,8,1,0,1,8,1,4.5,8,1,2.4,0,8,1,0,0,8,1,4.7,8,1,2.6,0,8,1,0,0,8,1,7.7,8,1,1.9,0,8,1,0,1,8,1,2.2,8,1,4.3,0,8,1,6,0,8,1
2017/11/21,5.3,8,1,9.7,0,8,1,0,1,8,1,5.5,8,1,9.8,0,8,1,0,1,8,1,6.8,8,1,9.7,0,8,1,0,1,8,1,8.2,8,1,9.3,0,8,1,0,1,8,1,7.9,8,1,9.4,0,8,1,0,1,8,1,5.8,8,1,9.5,0,8,1,0,0,8,1,7.3,8,1,9.3,0,8,1,0,0,8,1,8.9,8,1,9.9,0,8,1,0,1,8,1,1.8,8,1,5.6,0,8,1,2,0,8,1
2017/11/22,6.2,8,1,3.4,0,8,1,1.5,0,8,1,5.5,8,1,3,0,8,1,5,0,8,1,6,8,1,4.2,0,8,1,0.5,0,8,1,12.6,8,1,6.7,0,8,1,0,0,8,1,7.1,8,1,3.1,0,8,1,2,0,8,1,5.8,8,1,4,0,8,1,0,0,8,1,5.2,8,1,1.1,0,8,1,2,0,8,1,7.7,8,1,4.3,0,8,1,5,0,8,1,4,8,1,3.5,0,8,1,1,0,8,1
2017/11/23,9.7,8,1,2.1,0,8,1,22.5,0,8,1,9.2,8,1,3.6,0,8,1,18.5,0,8,1,9.6,8,1,4.1,0,8,1,10.5,0,8,1,13.4,8,1,2.1,0,8,1,52.5,0,8,1,9.4,8,1,2.8,0,8,1,27,0,8,1,9.4,8,1,1.9,0,8,1,4,0,8,1,9.9,8,1,4.8,0,8,1,14.5,0,8,1,10.1,8,1,1.6,0,8,1,41.5,0,8,1,5.7,8,1,0.5,0,8,1,3,0,8,1
2017/11/24,6.6,8,1,5.8,0,8,1,0,1,8,1,7,8,1,9.5,0,8,1,0,1,8,1,7.8,8,1,8.1,0,8,1,0,1,8,1,11.1,8,1,7.1,0,8,1,0,1,8,1,9.4,8,1,4.9,0,8,1,0,0,8,1,6.9,8,1,8.1,0,8,1,0,1,8,1,6.2,8,1,8.8,0,8,1,0,1,8,1,11,8,1,8.7,0,8,1,0,0,8,1,2.7,8,1,2.3,0,8,1,0,0,8,1
2017/11/25,6.4,8,1,8.4,0,8,1,0,1,8,1,6.1,8,1,8.6,0,8,1,0,1,8,1,7.4,8,1,9.4,0,8,1,0,1,8,1,11.3,8,1,7.5,0,8,1,0,1,8,1,9.1,8,1,8.3,0,8,1,0,1,8,1,7.5,8,1,7,0,8,1,0,1,8,1,5.8,8,1,8.8,0,8,1,0,1,8,1,10.5,8,1,8.8,0,8,1,0,1,8,1,3.8,8,1,7.2,0,8,1,0,0,8,1
2017/11/26,9,8,1,6.7,0,8,1,0,1,8,1,8,8,1,7.9,0,8,1,0,1,8,1,8.8,8,1,8.6,0,8,1,0,1,8,1,14.4,8,1,5.5,0,8,1,0,1,8,1,11.6,8,1,6.6,0,8,1,0,1,8,1,9.8,8,1,6.7,0,8,1,0,1,8,1,6.2,8,1,8.1,0,8,1,0,0,8,1,12.8,8,1,7.2,0,8,1,0,1,8,1,4.6,8,1,4.9,0,8,1,0.5,0,8,1
2017/11/27,9.3,8,1,5.6,0,8,1,0,1,8,1,8.4,8,1,5.8,0,8,1,0,1,8,1,9.9,8,1,5.5,0,8,1,0,1,8,1,13.4,8,1,0,0,8,1,0,0,8,1,11.4,8,1,4.4,0,8,1,0,1,8,1,10.2,8,1,5,0,8,1,0,0,8,1,9.1,8,1,5.8,0,8,1,0,1,8,1,12.4,8,1,4,0,8,1,0,1,8,1,5,8,1,7.8,0,8,1,0,0,8,1
2017/11/28,11.3,8,1,2.4,0,8,1,0,0,8,1,10.7,8,1,1.6,0,8,1,0,1,8,1,10.9,8,1,0,0,8,1,0,1,8,1,13.2,8,1,2.3,0,8,1,0,0,8,1,11.6,8,1,0.6,0,8,1,0,0,8,1,11.1,8,1,1.7,0,8,1,0,1,8,1,7.7,8,1,9.2,0,8,1,0,1,8,1,12.3,8,1,0.3,0,8,1,0,0,8,1,5.4,8,1,7.5,0,8,1,0,1,8,1
2017/11/29,11.5,8,1,6.4,0,8,1,0,1,8,1,10.5,8,1,9.2,0,8,1,0,1,8,1,11.6,8,1,7.9,0,8,1,0,1,8,1,14.3,8,1,9.1,0,8,1,0,1,8,1,12.7,8,1,8.6,0,8,1,0,1,8,1,12.9,8,1,8.3,0,8,1,0,1,8,1,8.5,8,1,6.8,0,8,1,0,0,8,1,13.3,8,1,9.3,0,8,1,0,1,8,1,6.8,8,1,2.6,0,8,1,0,0,8,1
2017/11/30,8.2,8,1,0,0,8,1,3,0,8,1,8,8,1,0,0,8,1,5.5,0,8,1,10.5,8,1,0,0,8,1,1.5,0,8,1,13.6,8,1,0,0,8,1,0,1,8,1,11,8,1,0,0,8,1,0.5,0,8,1,10.5,8,1,0,0,8,1,2,0,8,1,11.4,8,1,1,0,8,1,0,0,8,1,12.3,8,1,0,0,8,1,0,0,8,1,5.1,8,1,0,0,8,1,0,0,8,1
2017/12/1,6.3,8,1,0.2,0,8,1,4.5,0,8,1,6.5,8,1,1.4,0,8,1,1,0,8,1,7.9,8,1,1.8,0,8,1,0,0,8,1,10.4,8,1,6.7,0,8,1,0,1,8,1,8.5,8,1,0.5,0,8,1,0,0,8,1,8.2,8,1,5.9,0,8,1,0,0,8,1,9.5,8,1,9.1,0,8,1,0,1,8,1,9.3,8,1,0.9,0,8,1,0,0,8,1,3.8,8,1,6.8,0,8,1,0,0,8,1
2017/12/2,5.4,8,1,9.4,0,8,1,0,1,8,1,5,8,1,9.6,0,8,1,0,1,8,1,6.3,8,1,9.4,0,8,1,0,1,8,1,9.3,8,1,6,0,8,1,0,1,8,1,7.6,8,1,7.3,0,8,1,0,1,8,1,6.6,8,1,9.4,0,8,1,0,1,8,1,6.8,8,1,9,0,8,1,0,1,8,1,8.5,8,1,6.7,0,8,1,0,1,8,1,3,8,1,6.6,0,8,1,0,0,8,1
2017/12/3,6.8,8,1,6.5,0,8,1,0,1,8,1,6.3,8,1,7.3,0,8,1,0,1,8,1,6.6,8,1,8.4,0,8,1,0,1,8,1,10.9,8,1,8.7,0,8,1,0,1,8,1,8.2,8,1,8.1,0,8,1,0,1,8,1,6.6,8,1,8.4,0,8,1,0,1,8,1,6.4,8,1,9,0,8,1,0,1,8,1,9.1,8,1,8.6,0,8,1,0,1,8,1,3.2,8,1,8.8,0,8,1,0,1,8,1
2017/12/4,7.8,8,1,3.2,0,8,1,0.5,0,8,1,7.4,8,1,3.3,0,8,1,3,0,8,1,7.2,8,1,3.6,0,8,1,0.5,0,8,1,11.4,8,1,5.5,0,8,1,0,0,8,1,8.8,8,1,2.8,0,8,1,0,0,8,1,8.1,8,1,4.3,0,8,1,0,0,8,1,5.5,8,1,3.6,0,8,1,0,0,8,1,9.7,8,1,4,0,8,1,0,0,8,1,2.8,8,1,3.6,0,8,1,0,1,8,1
2017/12/5,8,8,1,8.3,0,8,1,0,0,8,1,6.7,8,1,5.4,0,8,1,0,1,8,1,8.6,8,1,8.8,0,8,1,0,1,8,1,11.5,8,1,8.8,0,8,1,0,1,8,1,9.2,8,1,8.5,0,8,1,0,1,8,1,8.6,8,1,7.4,0,8,1,0,1,8,1,5.5,8,1,8.7,0,8,1,0,1,8,1,10.1,8,1,8.9,0,8,1,0,1,8,1,3.3,8,1,3.9,0,8,1,1,0,8,1
2017/12/6,4.5,8,1,8.8,0,8,1,0,1,8,1,4.8,8,1,8.7,0,8,1,0,1,8,1,5.9,8,1,9.3,0,8,1,0,1,8,1,8.6,8,1,8.8,0,8,1,0,1,8,1,6.9,8,1,8.9,0,8,1,0,1,8,1,5.9,8,1,9,0,8,1,0,1,8,1,3.9,8,1,9.1,0,8,1,0,1,8,1,8.1,8,1,9.4,0,8,1,0,1,8,1,1.3,8,1,4.4,0,8,1,1.5,0,8,1
2017/12/7,4.9,8,1,7.3,0,8,1,0,1,8,1,4.4,8,1,9.2,0,8,1,0,1,8,1,5.3,8,1,8.9,0,8,1,0,1,8,1,8.2,8,1,8.6,0,8,1,0,0,8,1,6.4,8,1,7.8,0,8,1,0,1,8,1,5.5,8,1,9.2,0,8,1,0,1,8,1,3.4,8,1,8.8,0,8,1,0,1,8,1,7.6,8,1,8.3,0,8,1,0,1,8,1,1.5,8,1,6.9,0,8,1,0,1,8,1
2017/12/8,4.2,8,1,1.2,0,8,1,6.5,0,8,1,3.5,8,1,3,0,8,1,1,0,8,1,5,8,1,3.3,0,8,1,1.5,0,8,1,7.7,8,1,1.1,0,8,1,8.5,0,8,1,5.7,8,1,0.5,0,8,1,4.5,0,8,1,6.1,8,1,2.8,0,8,1,0,0,8,1,3.2,8,1,1.8,0,8,1,0,0,8,1,6.5,8,1,0.4,0,8,1,1,0,8,1,0.7,8,1,0,0,8,1,0,0,8,1
2017/12/9,3.5,8,1,9,0,8,1,0,1,8,1,2.6,8,1,6.6,0,8,1,0,1,8,1,5.1,8,1,9.4,0,8,1,0,1,8,1,6.1,8,1,8.4,0,8,1,0,0,8,1,5.9,8,1,8.9,0,8,1,0,1,8,1,5.1,8,1,9.3,0,8,1,0,1,8,1,3.3,8,1,9,0,8,1,0,1,8,1,7,8,1,9.6,0,8,1,0,1,8,1,-0.1,8,1,7.8,0,8,1,0,0,8,1
2017/12/10,5,8,1,7.4,0,8,1,0,1,8,1,4,8,1,7,0,8,1,0,1,8,1,4.8,8,1,8.4,0,8,1,0,1,8,1,11.1,8,1,6.3,0,8,1,0,1,8,1,6.9,8,1,8.4,0,8,1,0,1,8,1,5.4,8,1,7.3,0,8,1,0,1,8,1,3.7,8,1,8.4,0,8,1,0,0,8,1,9.3,8,1,8.5,0,8,1,0,1,8,1,1.7,8,1,5.9,0,8,1,0,1,8,1
2017/12/11,8,8,1,8.1,0,8,1,0,0,8,1,6.5,8,1,8.9,0,8,1,0,1,8,1,7.7,8,1,9,0,8,1,0,1,8,1,14,8,1,7,0,8,1,0.5,0,8,1,9.9,8,1,8.6,0,8,1,0,0,8,1,8.3,8,1,9,0,8,1,0,1,8,1,6.8,8,1,8.7,0,8,1,0,0,8,1,12.8,8,1,8.7,0,8,1,0,0,8,1,3.4,8,1,3.2,0,8,1,0,0,8,1
2017/12/12,6.3,8,1,9.2,0,8,1,0,1,8,1,4.7,8,1,9.3,0,8,1,0,1,8,1,6.2,8,1,9.3,0,8,1,0,1,8,1,7.1,8,1,8.8,0,8,1,0,1,8,1,6.8,8,1,8.4,0,8,1,0,1,8,1,4.7,8,1,8.8,0,8,1,0,1,8,1,4.8,8,1,8.4,0,8,1,0,1,8,1,7.4,8,1,8,0,8,1,0,1,8,1,0.5,8,1,2.4,0,8,1,0,0,8,1
2017/12/13,2.8,8,1,8.2,0,8,1,0,1,8,1,1.9,8,1,7.8,0,8,1,0,1,8,1,4.5,8,1,7,0,8,1,0,1,8,1,6.6,8,1,5.4,0,8,1,0,1,8,1,5.9,8,1,7.9,0,8,1,0,1,8,1,2.7,8,1,5.4,0,8,1,0,1,8,1,3.2,8,1,8.8,0,8,1,0,1,8,1,6.5,8,1,8.1,0,8,1,0,1,8,1,-0.3,8,1,4.2,0,8,1,0,0,8,1
2017/12/14,3.2,8,1,9.1,0,8,1,0,1,8,1,2.5,8,1,9.4,0,8,1,0,1,8,1,4.6,8,1,9.3,0,8,1,0,1,8,1,5.8,8,1,8.9,0,8,1,0,1,8,1,5.7,8,1,8.9,0,8,1,0,1,8,1,3.4,8,1,8.9,0,8,1,0,1,8,1,4.9,8,1,9,0,8,1,0,1,8,1,6.5,8,1,9.4,0,8,1,0,1,8,1,-0.8,8,1,3.8,0,8,1,0,0,8,1
2017/12/15,4.3,8,1,4,0,8,1,0,1,8,1,3.5,8,1,7.5,0,8,1,0,1,8,1,4.5,8,1,7.3,0,8,1,0,1,8,1,7.2,8,1,3,0,8,1,0,1,8,1,5.4,8,1,0.4,0,8,1,0,0,8,1,4.5,8,1,7.7,0,8,1,0,1,8,1,3.4,8,1,8.3,0,8,1,0,1,8,1,6.3,8,1,1,0,8,1,0,0,8,1,0.1,8,1,8,0,8,1,0,1,8,1
2017/12/16,6.3,8,1,8.1,0,8,1,0,1,8,1,4.1,8,1,7.5,0,8,1,0,1,8,1,5.6,8,1,7.7,0,8,1,0,1,8,1,12.9,8,1,5.8,0,8,1,0,0,8,1,7.7,8,1,6.6,0,8,1,0,1,8,1,6.4,8,1,6.3,0,8,1,0,1,8,1,4.6,8,1,5.3,0,8,1,0,1,8,1,9.4,8,1,6.2,0,8,1,0,0,8,1,2.5,8,1,6,0,8,1,0,0,8,1
2017/12/17,3.9,8,1,8.4,0,8,1,0,1,8,1,2.6,8,1,5.8,0,8,1,0,0,8,1,4.9,8,1,9.1,0,8,1,0,1,8,1,8.1,8,1,5.1,0,8,1,0,1,8,1,6.1,8,1,8.8,0,8,1,0,1,8,1,3.5,8,1,7,0,8,1,0,0,8,1,5,8,1,6.2,0,8,1,0,1,8,1,7,8,1,8.8,0,8,1,0,1,8,1,-1,8,1,1.8,0,8,1,0,0,8,1
2017/12/18,2.4,8,1,7.9,0,8,1,0,1,8,1,1.4,8,1,9.2,0,8,1,0,1,8,1,2.2,8,1,9.4,0,8,1,0,1,8,1,7.3,8,1,5.5,0,8,1,0,1,8,1,4.4,8,1,8.8,0,8,1,0,1,8,1,2.6,8,1,9.2,0,8,1,0,1,8,1,1.7,8,1,8.9,0,8,1,0,1,8,1,5.6,8,1,8.4,0,8,1,0,1,8,1,-0.6,8,1,8.4,0,8,1,0,0,8,1
2017/12/19,4,8,1,9.1,0,8,1,0,1,8,1,3.2,8,1,8.6,0,8,1,0,1,8,1,4.6,8,1,9,0,8,1,0,1,8,1,8.9,8,1,8.6,0,8,1,0,1,8,1,6.5,8,1,9,0,8,1,0,1,8,1,4.9,8,1,7.1,0,8,1,0,1,8,1,3,8,1,8.9,0,8,1,0,1,8,1,7.6,8,1,9.3,0,8,1,0,1,8,1,-0.3,8,1,2.1,0,8,1,0,0,8,1
2017/12/20,2.5,8,1,4.1,0,8,1,0,1,8,1,1.8,8,1,9.1,0,8,1,0,1,8,1,4.1,8,1,8.5,0,8,1,0,1,8,1,7.4,8,1,5.2,0,8,1,0,1,8,1,5.7,8,1,5.7,0,8,1,0,1,8,1,3.6,8,1,9,0,8,1,0,1,8,1,2.1,8,1,8.5,0,8,1,0,1,8,1,6.9,8,1,6.7,0,8,1,0,1,8,1,0,8,1,8.7,0,8,1,0,1,8,1
2017/12/21,3,8,1,8.8,0,8,1,0,1,8,1,3.2,8,1,9.3,0,8,1,0,1,8,1,3.8,8,1,9.1,0,8,1,0,1,8,1,7,8,1,2.7,0,8,1,0,0,8,1,5.3,8,1,6.8,0,8,1,0,1,8,1,4.8,8,1,9.1,0,8,1,0,1,8,1,1.8,8,1,8.6,0,8,1,0,1,8,1,6.4,8,1,6.4,0,8,1,0,1,8,1,-0.1,8,1,8.6,0,8,1,0,1,8,1
2017/12/22,3.3,8,1,6.3,0,8,1,0,1,8,1,3.4,8,1,9.3,0,8,1,0,1,8,1,4.5,8,1,9.1,0,8,1,0,1,8,1,6.6,8,1,0,0,8,1,0,0,8,1,5.4,8,1,5.7,0,8,1,0,1,8,1,4.9,8,1,9,0,8,1,0,1,8,1,2,8,1,9,0,8,1,0,1,8,1,6.7,8,1,6.1,0,8,1,0,1,8,1,0.6,8,1,8.7,0,8,1,0,1,8,1
2017/12/23,5.5,8,1,8.9,0,8,1,0,1,8,1,4.8,8,1,9.1,0,8,1,0,1,8,1,6.6,8,1,8.6,0,8,1,0,1,8,1,9.4,8,1,8.6,0,8,1,0,1,8,1,7.1,8,1,7.9,0,8,1,0,1,8,1,7.3,8,1,8.5,0,8,1,0,1,8,1,3.1,8,1,8.3,0,8,1,0,1,8,1,8,8,1,7.3,0,8,1,0,1,8,1,1.9,8,1,7.7,0,8,1,0,0,8,1
2017/12/24,4.3,8,1,0,0,8,1,0,0,8,1,5,8,1,0.1,0,8,1,0,0,8,1,5.4,8,1,1.8,0,8,1,0,1,8,1,12.4,8,1,1.1,0,8,1,0.5,0,8,1,7.4,8,1,2.9,0,8,1,0,0,8,1,6.2,8,1,1.7,0,8,1,0,1,8,1,4.7,8,1,4.8,0,8,1,1,0,8,1,8.6,8,1,3.5,0,8,1,1,0,8,1,4.1,8,1,3.2,0,8,1,0,0,8,1
2017/12/25,8.7,8,1,8.7,0,8,1,8.5,0,8,1,7.4,8,1,8.6,0,8,1,5.5,0,8,1,8.3,8,1,8.9,0,8,1,1,0,8,1,12.4,8,1,4.2,0,8,1,22,0,8,1,9.4,8,1,8.1,0,8,1,10.5,0,8,1,7.5,8,1,8.3,0,8,1,0,0,8,1,9.1,8,1,8.6,0,8,1,15,0,8,1,10.3,8,1,8.5,0,8,1,15,0,8,1,4.1,8,1,4.5,0,8,1,3,0,8,1
2017/12/26,5.8,8,1,8.9,0,8,1,0,1,8,1,4.1,8,1,8.4,0,8,1,0,1,8,1,6.5,8,1,9.2,0,8,1,0,1,8,1,8.8,8,1,6.8,0,8,1,0,1,8,1,7.5,8,1,9,0,8,1,0,1,8,1,5.5,8,1,8.8,0,8,1,0,1,8,1,4.5,8,1,8.2,0,8,1,0,1,8,1,8.1,8,1,9.1,0,8,1,0,1,8,1,0.6,8,1,4.9,0,8,1,0.5,0,8,1
2017/12/27,1.4,8,1,8.4,0,8,1,0,0,8,1,0.3,8,1,9,0,8,1,0,0,8,1,3.1,8,1,8.7,0,8,1,0,1,8,1,5.4,8,1,7.3,0,8,1,0,1,8,1,4.5,8,1,9,0,8,1,0,1,8,1,1.8,8,1,7.9,0,8,1,0,1,8,1,4.4,8,1,7.6,0,8,1,0,1,8,1,5.3,8,1,9.1,0,8,1,0,1,8,1,-2.7,8,1,0,0,8,1,15,0,8,1
2017/12/28,1.2,8,1,8.9,0,8,1,0,1,8,1,0.6,8,1,8.9,0,8,1,0,1,8,1,3.4,8,1,9.3,0,8,1,0,1,8,1,5.2,8,1,8.9,0,8,1,0,1,8,1,4.8,8,1,9,0,8,1,0,1,8,1,2.2,8,1,8.2,0,8,1,0,1,8,1,3.1,8,1,8.9,0,8,1,0,1,8,1,4.9,8,1,9.3,0,8,1,0,1,8,1,-1.9,8,1,6.7,0,8,1,0.5,0,8,1
2017/12/29,2.8,8,1,9.2,0,8,1,0,1,8,1,1.3,8,1,9.3,0,8,1,0,1,8,1,5.6,8,1,9.4,0,8,1,0,1,8,1,5.9,8,1,3.8,0,8,1,0,1,8,1,6.1,8,1,8.6,0,8,1,0,1,8,1,4.7,8,1,9.2,0,8,1,0,1,8,1,2.2,8,1,8.9,0,8,1,0,1,8,1,6.3,8,1,7.2,0,8,1,0,1,8,1,-2,8,1,6.8,0,8,1,0.5,0,8,1
2017/12/30,3.6,8,1,7.8,0,8,1,0,1,8,1,2.6,8,1,9.2,0,8,1,0,1,8,1,5.1,8,1,9.3,0,8,1,0,1,8,1,6.5,8,1,8.9,0,8,1,0,1,8,1,6.2,8,1,8.9,0,8,1,0,1,8,1,4.6,8,1,8.6,0,8,1,0,1,8,1,4.7,8,1,9,0,8,1,0,1,8,1,7.1,8,1,9.4,0,8,1,0,1,8,1,0.4,8,1,6.7,0,8,1,0,0,8,1
2017/12/31,2,8,1,0,0,8,1,0.5,0,8,1,2.1,8,1,0.1,0,8,1,0,0,8,1,2.8,8,1,0.1,0,8,1,0,0,8,1,6,8,1,0.1,0,8,1,0,0,8,1,3.8,8,1,0.4,0,8,1,0,0,8,1,3.1,8,1,2,0,8,1,0,1,8,1,3.8,8,1,3.7,0,8,1,0,0,8,1,4.8,8,1,0.9,0,8,1,0,0,8,1,1.7,8,1,2.7,0,8,1,0,0,8,1